[
  {
    "Id": 1,
    "Name": "ORDER 1",
    "Point_from_id": 1,
    "Point_to_id": 259,
    "Cargo_weight": 10.0,
    "Cargo_volume": 0.0,
    "adjust_UnloadTw": false,
    "TimeToLoad": 90.0,
    "TimeStartLoad": [
      348.0
    ],
    "TimeEndLoad": [
      419.0
    ],
    "TimeToUnload": 90.0,
    "TimeStartUnload": [
      811.0
    ],
    "TimeEndUnload": [
      883.0
    ],
    "CostOfDelay": 0.0,
    "Skills": ""
  },
  {
    "Id": 2,
    "Name": "ORDER 2",
    "Point_from_id": 2,
    "Point_to_id": 347,
    "Cargo_weight": 10.0,
    "Cargo_volume": 0.0,
    "adjust_UnloadTw": false,
    "TimeToLoad": 90.0,
    "TimeStartLoad": [
      795.0
    ],
    "TimeEndLoad": [
      860.0
    ],
    "TimeToUnload": 90.0,
    "TimeStartUnload": [
      0.0
    ],
    "TimeEndUnload": [
      1325.0
    ],
    "CostOfDelay": 0.0,
    "Skills": ""
  },
  {
    "Id": 3,
    "Name": "ORDER 5",
    "Point_from_id": 5,
    "Point_to_id": 153,
    "Cargo_weight": 20.0,
    "Cargo_volume": 0.0,
    "adjust_UnloadTw": false,
    "TimeToLoad": 90.0,
    "TimeStartLoad": [
      115.0
    ],
    "TimeEndLoad": [
      177.0
    ],
    "TimeToUnload": 90.0,
    "TimeStartUnload": [
      0.0
    ],
    "TimeEndUnload": [
      1291.0
    ],
    "CostOfDelay": 0.0,
    "Skills": ""
  },
  {
    "Id": 4,
    "Name": "ORDER 7",
    "Point_from_id": 7,
    "Point_to_id": 149,
    "Cargo_weight": 20.0,
    "Cargo_volume": 0.0,
    "adjust_UnloadTw": false,
    "TimeToLoad": 90.0,
    "TimeStartLoad": [
      0.0
    ],
    "TimeEndLoad": [
      1381.0
    ],
    "TimeToUnload": 90.0,
    "TimeStartUnload": [
      0.0
    ],
    "TimeEndUnload": [
      1382.0
    ],
    "CostOfDelay": 0.0,
    "Skills": ""
  },
  {
    "Id": 5,
    "Name": "ORDER 8",
    "Point_from_id": 8,
    "Point_to_id": 319,
    "Cargo_weight": 20.0,
    "Cargo_volume": 0.0,
    "adjust_UnloadTw": false,
    "TimeToLoad": 90.0,
    "TimeStartLoad": [
      0.0
    ],
    "TimeEndLoad": [
      1349.0
    ],
    "TimeToUnload": 90.0,
    "TimeStartUnload": [
      585.0
    ],
    "TimeEndUnload": [
      650.0
    ],
    "CostOfDelay": 0.0,
    "Skills": ""
  },
  {
    "Id": 6,
    "Name": "ORDER 10",
    "Point_from_id": 10,
    "Point_to_id": 100,
    "Cargo_weight": 20.0,
    "Cargo_volume": 0.0,
    "adjust_UnloadTw": false,
    "TimeToLoad": 90.0,
    "TimeStartLoad": [
      0.0
    ],
    "TimeEndLoad": [
      1392.0
    ],
    "TimeToUnload": 90.0,
    "TimeStartUnload": [
      0.0
    ],
    "TimeEndUnload": [
      1379.0
    ],
    "CostOfDelay": 0.0,
    "Skills": ""
  },
  {
    "Id": 7,
    "Name": "ORDER 12",
    "Point_from_id": 12,
    "Point_to_id": 9,
    "Cargo_weight": 30.0,
    "Cargo_volume": 0.0,
    "adjust_UnloadTw": false,
    "TimeToLoad": 90.0,
    "TimeStartLoad": [
      0.0
    ],
    "TimeEndLoad": [
      1345.0
    ],
    "TimeToUnload": 90.0,
    "TimeStartUnload": [
      0.0
    ],
    "TimeEndUnload": [
      1350.0
    ],
    "CostOfDelay": 0.0,
    "Skills": ""
  },
  {
    "Id": 8,
    "Name": "ORDER 14",
    "Point_from_id": 14,
    "Point_to_id": 6,
    "Cargo_weight": 20.0,
    "Cargo_volume": 0.0,
    "adjust_UnloadTw": false,
    "TimeToLoad": 90.0,
    "TimeStartLoad": [
      535.0
    ],
    "TimeEndLoad": [
      595.0
    ],
    "TimeToUnload": 90.0,
    "TimeStartUnload": [
      0.0
    ],
    "TimeEndUnload": [
      1315.0
    ],
    "CostOfDelay": 0.0,
    "Skills": ""
  },
  {
    "Id": 9,
    "Name": "ORDER 16",
    "Point_from_id": 16,
    "Point_to_id": 132,
    "Cargo_weight": 30.0,
    "Cargo_volume": 0.0,
    "adjust_UnloadTw": false,
    "TimeToLoad": 90.0,
    "TimeStartLoad": [
      0.0
    ],
    "TimeEndLoad": [
      1318.0
    ],
    "TimeToUnload": 90.0,
    "TimeStartUnload": [
      0.0
    ],
    "TimeEndUnload": [
      1321.0
    ],
    "CostOfDelay": 0.0,
    "Skills": ""
  },
  {
    "Id": 10,
    "Name": "ORDER 17",
    "Point_from_id": 17,
    "Point_to_id": 162,
    "Cargo_weight": 10.0,
    "Cargo_volume": 0.0,
    "adjust_UnloadTw": false,
    "TimeToLoad": 90.0,
    "TimeStartLoad": [
      100.0
    ],
    "TimeEndLoad": [
      160.0
    ],
    "TimeToUnload": 90.0,
    "TimeStartUnload": [
      0.0
    ],
    "TimeEndUnload": [
      1305.0
    ],
    "CostOfDelay": 0.0,
    "Skills": ""
  },
  {
    "Id": 11,
    "Name": "ORDER 18",
    "Point_from_id": 18,
    "Point_to_id": 404,
    "Cargo_weight": 30.0,
    "Cargo_volume": 0.0,
    "adjust_UnloadTw": false,
    "TimeToLoad": 0.0,
    "TimeStartLoad": [
      0.0
    ],
    "TimeEndLoad": [
      1324.0
    ],
    "TimeToUnload": 90.0,
    "TimeStartUnload": [
      0.0
    ],
    "TimeEndUnload": [
      1324.0
    ],
    "CostOfDelay": 0.0,
    "Skills": ""
  },
  {
    "Id": 12,
    "Name": "ORDER 19",
    "Point_from_id": 19,
    "Point_to_id": 324,
    "Cargo_weight": 10.0,
    "Cargo_volume": 0.0,
    "adjust_UnloadTw": false,
    "TimeToLoad": 90.0,
    "TimeStartLoad": [
      426.0
    ],
    "TimeEndLoad": [
      484.0
    ],
    "TimeToUnload": 90.0,
    "TimeStartUnload": [
      0.0
    ],
    "TimeEndUnload": [
      1313.0
    ],
    "CostOfDelay": 0.0,
    "Skills": ""
  },
  {
    "Id": 13,
    "Name": "ORDER 23",
    "Point_from_id": 23,
    "Point_to_id": 156,
    "Cargo_weight": 20.0,
    "Cargo_volume": 0.0,
    "adjust_UnloadTw": false,
    "TimeToLoad": 90.0,
    "TimeStartLoad": [
      79.0
    ],
    "TimeEndLoad": [
      140.0
    ],
    "TimeToUnload": 90.0,
    "TimeStartUnload": [
      166.0
    ],
    "TimeEndUnload": [
      223.0
    ],
    "CostOfDelay": 0.0,
    "Skills": ""
  },
  {
    "Id": 14,
    "Name": "ORDER 26",
    "Point_from_id": 26,
    "Point_to_id": 183,
    "Cargo_weight": 10.0,
    "Cargo_volume": 0.0,
    "adjust_UnloadTw": false,
    "TimeToLoad": 90.0,
    "TimeStartLoad": [
      0.0
    ],
    "TimeEndLoad": [
      1307.0
    ],
    "TimeToUnload": 90.0,
    "TimeStartUnload": [
      0.0
    ],
    "TimeEndUnload": [
      1306.0
    ],
    "CostOfDelay": 0.0,
    "Skills": ""
  },
  {
    "Id": 15,
    "Name": "ORDER 31",
    "Point_from_id": 31,
    "Point_to_id": 243,
    "Cargo_weight": 10.0,
    "Cargo_volume": 0.0,
    "adjust_UnloadTw": false,
    "TimeToLoad": 90.0,
    "TimeStartLoad": [
      0.0
    ],
    "TimeEndLoad": [
      1320.0
    ],
    "TimeToUnload": 90.0,
    "TimeStartUnload": [
      0.0
    ],
    "TimeEndUnload": [
      1315.0
    ],
    "CostOfDelay": 0.0,
    "Skills": ""
  },
  {
    "Id": 16,
    "Name": "ORDER 33",
    "Point_from_id": 33,
    "Point_to_id": 97,
    "Cargo_weight": 10.0,
    "Cargo_volume": 0.0,
    "adjust_UnloadTw": false,
    "TimeToLoad": 90.0,
    "TimeStartLoad": [
      0.0
    ],
    "TimeEndLoad": [
      1367.0
    ],
    "TimeToUnload": 90.0,
    "TimeStartUnload": [
      0.0
    ],
    "TimeEndUnload": [
      1383.0
    ],
    "CostOfDelay": 0.0,
    "Skills": ""
  },
  {
    "Id": 17,
    "Name": "ORDER 34",
    "Point_from_id": 34,
    "Point_to_id": 230,
    "Cargo_weight": 20.0,
    "Cargo_volume": 0.0,
    "adjust_UnloadTw": false,
    "TimeToLoad": 90.0,
    "TimeStartLoad": [
      865.0
    ],
    "TimeEndLoad": [
      926.0
    ],
    "TimeToUnload": 90.0,
    "TimeStartUnload": [
      0.0
    ],
    "TimeEndUnload": [
      1353.0
    ],
    "CostOfDelay": 0.0,
    "Skills": ""
  },
  {
    "Id": 18,
    "Name": "ORDER 36",
    "Point_from_id": 36,
    "Point_to_id": 191,
    "Cargo_weight": 10.0,
    "Cargo_volume": 0.0,
    "adjust_UnloadTw": false,
    "TimeToLoad": 90.0,
    "TimeStartLoad": [
      0.0
    ],
    "TimeEndLoad": [
      1360.0
    ],
    "TimeToUnload": 90.0,
    "TimeStartUnload": [
      0.0
    ],
    "TimeEndUnload": [
      1360.0
    ],
    "CostOfDelay": 0.0,
    "Skills": ""
  },
  {
    "Id": 19,
    "Name": "ORDER 37",
    "Point_from_id": 37,
    "Point_to_id": 414,
    "Cargo_weight": 10.0,
    "Cargo_volume": 0.0,
    "adjust_UnloadTw": false,
    "TimeToLoad": 0.0,
    "TimeStartLoad": [
      743.0
    ],
    "TimeEndLoad": [
      789.0
    ],
    "TimeToUnload": 90.0,
    "TimeStartUnload": [
      743.0
    ],
    "TimeEndUnload": [
      789.0
    ],
    "CostOfDelay": 0.0,
    "Skills": ""
  },
  {
    "Id": 20,
    "Name": "ORDER 39",
    "Point_from_id": 39,
    "Point_to_id": 32,
    "Cargo_weight": 10.0,
    "Cargo_volume": 0.0,
    "adjust_UnloadTw": false,
    "TimeToLoad": 90.0,
    "TimeStartLoad": [
      0.0
    ],
    "TimeEndLoad": [
      1306.0
    ],
    "TimeToUnload": 90.0,
    "TimeStartUnload": [
      0.0
    ],
    "TimeEndUnload": [
      1309.0
    ],
    "CostOfDelay": 0.0,
    "Skills": ""
  },
  {
    "Id": 21,
    "Name": "ORDER 40",
    "Point_from_id": 40,
    "Point_to_id": 352,
    "Cargo_weight": 10.0,
    "Cargo_volume": 0.0,
    "adjust_UnloadTw": false,
    "TimeToLoad": 90.0,
    "TimeStartLoad": [
      0.0
    ],
    "TimeEndLoad": [
      1303.0
    ],
    "TimeToUnload": 90.0,
    "TimeStartUnload": [
      0.0
    ],
    "TimeEndUnload": [
      1307.0
    ],
    "CostOfDelay": 0.0,
    "Skills": ""
  },
  {
    "Id": 22,
    "Name": "ORDER 42",
    "Point_from_id": 42,
    "Point_to_id": 203,
    "Cargo_weight": 20.0,
    "Cargo_volume": 0.0,
    "adjust_UnloadTw": false,
    "TimeToLoad": 90.0,
    "TimeStartLoad": [
      0.0
    ],
    "TimeEndLoad": [
      1323.0
    ],
    "TimeToUnload": 90.0,
    "TimeStartUnload": [
      0.0
    ],
    "TimeEndUnload": [
      1317.0
    ],
    "CostOfDelay": 0.0,
    "Skills": ""
  },
  {
    "Id": 23,
    "Name": "ORDER 43",
    "Point_from_id": 43,
    "Point_to_id": 41,
    "Cargo_weight": 10.0,
    "Cargo_volume": 0.0,
    "adjust_UnloadTw": false,
    "TimeToLoad": 90.0,
    "TimeStartLoad": [
      0.0
    ],
    "TimeEndLoad": [
      1353.0
    ],
    "TimeToUnload": 90.0,
    "TimeStartUnload": [
      1145.0
    ],
    "TimeEndUnload": [
      1203.0
    ],
    "CostOfDelay": 0.0,
    "Skills": ""
  },
  {
    "Id": 24,
    "Name": "ORDER 47",
    "Point_from_id": 47,
    "Point_to_id": 412,
    "Cargo_weight": 10.0,
    "Cargo_volume": 0.0,
    "adjust_UnloadTw": false,
    "TimeToLoad": 0.0,
    "TimeStartLoad": [
      404.0
    ],
    "TimeEndLoad": [
      472.0
    ],
    "TimeToUnload": 90.0,
    "TimeStartUnload": [
      404.0
    ],
    "TimeEndUnload": [
      472.0
    ],
    "CostOfDelay": 0.0,
    "Skills": ""
  },
  {
    "Id": 25,
    "Name": "ORDER 48",
    "Point_from_id": 48,
    "Point_to_id": 98,
    "Cargo_weight": 20.0,
    "Cargo_volume": 0.0,
    "adjust_UnloadTw": false,
    "TimeToLoad": 90.0,
    "TimeStartLoad": [
      0.0
    ],
    "TimeEndLoad": [
      1299.0
    ],
    "TimeToUnload": 90.0,
    "TimeStartUnload": [
      0.0
    ],
    "TimeEndUnload": [
      1300.0
    ],
    "CostOfDelay": 0.0,
    "Skills": ""
  },
  {
    "Id": 26,
    "Name": "ORDER 50",
    "Point_from_id": 50,
    "Point_to_id": 213,
    "Cargo_weight": 10.0,
    "Cargo_volume": 0.0,
    "adjust_UnloadTw": false,
    "TimeToLoad": 90.0,
    "TimeStartLoad": [
      613.0
    ],
    "TimeEndLoad": [
      683.0
    ],
    "TimeToUnload": 90.0,
    "TimeStartUnload": [
      0.0
    ],
    "TimeEndUnload": [
      1321.0
    ],
    "CostOfDelay": 0.0,
    "Skills": ""
  },
  {
    "Id": 27,
    "Name": "ORDER 51",
    "Point_from_id": 51,
    "Point_to_id": 127,
    "Cargo_weight": 20.0,
    "Cargo_volume": 0.0,
    "adjust_UnloadTw": false,
    "TimeToLoad": 90.0,
    "TimeStartLoad": [
      0.0
    ],
    "TimeEndLoad": [
      1306.0
    ],
    "TimeToUnload": 90.0,
    "TimeStartUnload": [
      0.0
    ],
    "TimeEndUnload": [
      1303.0
    ],
    "CostOfDelay": 0.0,
    "Skills": ""
  },
  {
    "Id": 28,
    "Name": "ORDER 52",
    "Point_from_id": 52,
    "Point_to_id": 317,
    "Cargo_weight": 30.0,
    "Cargo_volume": 0.0,
    "adjust_UnloadTw": false,
    "TimeToLoad": 90.0,
    "TimeStartLoad": [
      0.0
    ],
    "TimeEndLoad": [
      1317.0
    ],
    "TimeToUnload": 90.0,
    "TimeStartUnload": [
      0.0
    ],
    "TimeEndUnload": [
      1316.0
    ],
    "CostOfDelay": 0.0,
    "Skills": ""
  },
  {
    "Id": 29,
    "Name": "ORDER 54",
    "Point_from_id": 54,
    "Point_to_id": 179,
    "Cargo_weight": 10.0,
    "Cargo_volume": 0.0,
    "adjust_UnloadTw": false,
    "TimeToLoad": 90.0,
    "TimeStartLoad": [
      129.0
    ],
    "TimeEndLoad": [
      204.0
    ],
    "TimeToUnload": 90.0,
    "TimeStartUnload": [
      0.0
    ],
    "TimeEndUnload": [
      1338.0
    ],
    "CostOfDelay": 0.0,
    "Skills": ""
  },
  {
    "Id": 30,
    "Name": "ORDER 56",
    "Point_from_id": 56,
    "Point_to_id": 408,
    "Cargo_weight": 10.0,
    "Cargo_volume": 0.0,
    "adjust_UnloadTw": false,
    "TimeToLoad": 0.0,
    "TimeStartLoad": [
      0.0
    ],
    "TimeEndLoad": [
      1330.0
    ],
    "TimeToUnload": 90.0,
    "TimeStartUnload": [
      0.0
    ],
    "TimeEndUnload": [
      1330.0
    ],
    "CostOfDelay": 0.0,
    "Skills": ""
  },
  {
    "Id": 31,
    "Name": "ORDER 57",
    "Point_from_id": 57,
    "Point_to_id": 126,
    "Cargo_weight": 10.0,
    "Cargo_volume": 0.0,
    "adjust_UnloadTw": false,
    "TimeToLoad": 90.0,
    "TimeStartLoad": [
      0.0
    ],
    "TimeEndLoad": [
      1302.0
    ],
    "TimeToUnload": 90.0,
    "TimeStartUnload": [
      0.0
    ],
    "TimeEndUnload": [
      1393.0
    ],
    "CostOfDelay": 0.0,
    "Skills": ""
  },
  {
    "Id": 32,
    "Name": "ORDER 61",
    "Point_from_id": 61,
    "Point_to_id": 11,
    "Cargo_weight": 20.0,
    "Cargo_volume": 0.0,
    "adjust_UnloadTw": false,
    "TimeToLoad": 90.0,
    "TimeStartLoad": [
      0.0
    ],
    "TimeEndLoad": [
      1307.0
    ],
    "TimeToUnload": 90.0,
    "TimeStartUnload": [
      540.0
    ],
    "TimeEndUnload": [
      580.0
    ],
    "CostOfDelay": 0.0,
    "Skills": ""
  },
  {
    "Id": 33,
    "Name": "ORDER 62",
    "Point_from_id": 62,
    "Point_to_id": 38,
    "Cargo_weight": 20.0,
    "Cargo_volume": 0.0,
    "adjust_UnloadTw": false,
    "TimeToLoad": 90.0,
    "TimeStartLoad": [
      0.0
    ],
    "TimeEndLoad": [
      1305.0
    ],
    "TimeToUnload": 90.0,
    "TimeStartUnload": [
      0.0
    ],
    "TimeEndUnload": [
      1322.0
    ],
    "CostOfDelay": 0.0,
    "Skills": ""
  },
  {
    "Id": 34,
    "Name": "ORDER 64",
    "Point_from_id": 64,
    "Point_to_id": 269,
    "Cargo_weight": 10.0,
    "Cargo_volume": 0.0,
    "adjust_UnloadTw": false,
    "TimeToLoad": 90.0,
    "TimeStartLoad": [
      176.0
    ],
    "TimeEndLoad": [
      250.0
    ],
    "TimeToUnload": 90.0,
    "TimeStartUnload": [
      0.0
    ],
    "TimeEndUnload": [
      1381.0
    ],
    "CostOfDelay": 0.0,
    "Skills": ""
  },
  {
    "Id": 35,
    "Name": "ORDER 65",
    "Point_from_id": 65,
    "Point_to_id": 67,
    "Cargo_weight": 20.0,
    "Cargo_volume": 0.0,
    "adjust_UnloadTw": false,
    "TimeToLoad": 90.0,
    "TimeStartLoad": [
      0.0
    ],
    "TimeEndLoad": [
      1301.0
    ],
    "TimeToUnload": 90.0,
    "TimeStartUnload": [
      0.0
    ],
    "TimeEndUnload": [
      1307.0
    ],
    "CostOfDelay": 0.0,
    "Skills": ""
  },
  {
    "Id": 36,
    "Name": "ORDER 66",
    "Point_from_id": 66,
    "Point_to_id": 241,
    "Cargo_weight": 20.0,
    "Cargo_volume": 0.0,
    "adjust_UnloadTw": false,
    "TimeToLoad": 90.0,
    "TimeStartLoad": [
      359.0
    ],
    "TimeEndLoad": [
      425.0
    ],
    "TimeToUnload": 90.0,
    "TimeStartUnload": [
      0.0
    ],
    "TimeEndUnload": [
      1390.0
    ],
    "CostOfDelay": 0.0,
    "Skills": ""
  },
  {
    "Id": 37,
    "Name": "ORDER 68",
    "Point_from_id": 68,
    "Point_to_id": 288,
    "Cargo_weight": 10.0,
    "Cargo_volume": 0.0,
    "adjust_UnloadTw": false,
    "TimeToLoad": 90.0,
    "TimeStartLoad": [
      0.0
    ],
    "TimeEndLoad": [
      1311.0
    ],
    "TimeToUnload": 90.0,
    "TimeStartUnload": [
      0.0
    ],
    "TimeEndUnload": [
      1316.0
    ],
    "CostOfDelay": 0.0,
    "Skills": ""
  },
  {
    "Id": 38,
    "Name": "ORDER 69",
    "Point_from_id": 69,
    "Point_to_id": 148,
    "Cargo_weight": 20.0,
    "Cargo_volume": 0.0,
    "adjust_UnloadTw": false,
    "TimeToLoad": 90.0,
    "TimeStartLoad": [
      0.0
    ],
    "TimeEndLoad": [
      1328.0
    ],
    "TimeToUnload": 90.0,
    "TimeStartUnload": [
      0.0
    ],
    "TimeEndUnload": [
      1353.0
    ],
    "CostOfDelay": 0.0,
    "Skills": ""
  },
  {
    "Id": 39,
    "Name": "ORDER 70",
    "Point_from_id": 70,
    "Point_to_id": 302,
    "Cargo_weight": 10.0,
    "Cargo_volume": 0.0,
    "adjust_UnloadTw": false,
    "TimeToLoad": 90.0,
    "TimeStartLoad": [
      0.0
    ],
    "TimeEndLoad": [
      1327.0
    ],
    "TimeToUnload": 90.0,
    "TimeStartUnload": [
      436.0
    ],
    "TimeEndUnload": [
      505.0
    ],
    "CostOfDelay": 0.0,
    "Skills": ""
  },
  {
    "Id": 40,
    "Name": "ORDER 72",
    "Point_from_id": 72,
    "Point_to_id": 207,
    "Cargo_weight": 10.0,
    "Cargo_volume": 0.0,
    "adjust_UnloadTw": false,
    "TimeToLoad": 90.0,
    "TimeStartLoad": [
      143.0
    ],
    "TimeEndLoad": [
      224.0
    ],
    "TimeToUnload": 90.0,
    "TimeStartUnload": [
      617.0
    ],
    "TimeEndUnload": [
      677.0
    ],
    "CostOfDelay": 0.0,
    "Skills": ""
  },
  {
    "Id": 41,
    "Name": "ORDER 73",
    "Point_from_id": 73,
    "Point_to_id": 265,
    "Cargo_weight": 20.0,
    "Cargo_volume": 0.0,
    "adjust_UnloadTw": false,
    "TimeToLoad": 90.0,
    "TimeStartLoad": [
      0.0
    ],
    "TimeEndLoad": [
      1321.0
    ],
    "TimeToUnload": 90.0,
    "TimeStartUnload": [
      0.0
    ],
    "TimeEndUnload": [
      1313.0
    ],
    "CostOfDelay": 0.0,
    "Skills": ""
  },
  {
    "Id": 42,
    "Name": "ORDER 76",
    "Point_from_id": 76,
    "Point_to_id": 212,
    "Cargo_weight": 20.0,
    "Cargo_volume": 0.0,
    "adjust_UnloadTw": false,
    "TimeToLoad": 90.0,
    "TimeStartLoad": [
      0.0
    ],
    "TimeEndLoad": [
      1387.0
    ],
    "TimeToUnload": 90.0,
    "TimeStartUnload": [
      0.0
    ],
    "TimeEndUnload": [
      1361.0
    ],
    "CostOfDelay": 0.0,
    "Skills": ""
  },
  {
    "Id": 43,
    "Name": "ORDER 78",
    "Point_from_id": 78,
    "Point_to_id": 262,
    "Cargo_weight": 50.0,
    "Cargo_volume": 0.0,
    "adjust_UnloadTw": false,
    "TimeToLoad": 90.0,
    "TimeStartLoad": [
      239.0
    ],
    "TimeEndLoad": [
      299.0
    ],
    "TimeToUnload": 90.0,
    "TimeStartUnload": [
      0.0
    ],
    "TimeEndUnload": [
      1348.0
    ],
    "CostOfDelay": 0.0,
    "Skills": ""
  },
  {
    "Id": 44,
    "Name": "ORDER 80",
    "Point_from_id": 80,
    "Point_to_id": 58,
    "Cargo_weight": 20.0,
    "Cargo_volume": 0.0,
    "adjust_UnloadTw": false,
    "TimeToLoad": 90.0,
    "TimeStartLoad": [
      0.0
    ],
    "TimeEndLoad": [
      1346.0
    ],
    "TimeToUnload": 90.0,
    "TimeStartUnload": [
      0.0
    ],
    "TimeEndUnload": [
      1344.0
    ],
    "CostOfDelay": 0.0,
    "Skills": ""
  },
  {
    "Id": 45,
    "Name": "ORDER 82",
    "Point_from_id": 82,
    "Point_to_id": 359,
    "Cargo_weight": 20.0,
    "Cargo_volume": 0.0,
    "adjust_UnloadTw": false,
    "TimeToLoad": 90.0,
    "TimeStartLoad": [
      337.0
    ],
    "TimeEndLoad": [
      391.0
    ],
    "TimeToUnload": 90.0,
    "TimeStartUnload": [
      0.0
    ],
    "TimeEndUnload": [
      1322.0
    ],
    "CostOfDelay": 0.0,
    "Skills": ""
  },
  {
    "Id": 46,
    "Name": "ORDER 83",
    "Point_from_id": 83,
    "Point_to_id": 286,
    "Cargo_weight": 20.0,
    "Cargo_volume": 0.0,
    "adjust_UnloadTw": false,
    "TimeToLoad": 90.0,
    "TimeStartLoad": [
      0.0
    ],
    "TimeEndLoad": [
      1386.0
    ],
    "TimeToUnload": 90.0,
    "TimeStartUnload": [
      0.0
    ],
    "TimeEndUnload": [
      1397.0
    ],
    "CostOfDelay": 0.0,
    "Skills": ""
  },
  {
    "Id": 47,
    "Name": "ORDER 84",
    "Point_from_id": 84,
    "Point_to_id": 310,
    "Cargo_weight": 20.0,
    "Cargo_volume": 0.0,
    "adjust_UnloadTw": false,
    "TimeToLoad": 90.0,
    "TimeStartLoad": [
      0.0
    ],
    "TimeEndLoad": [
      1339.0
    ],
    "TimeToUnload": 90.0,
    "TimeStartUnload": [
      0.0
    ],
    "TimeEndUnload": [
      1352.0
    ],
    "CostOfDelay": 0.0,
    "Skills": ""
  },
  {
    "Id": 48,
    "Name": "ORDER 85",
    "Point_from_id": 85,
    "Point_to_id": 328,
    "Cargo_weight": 30.0,
    "Cargo_volume": 0.0,
    "adjust_UnloadTw": false,
    "TimeToLoad": 90.0,
    "TimeStartLoad": [
      341.0
    ],
    "TimeEndLoad": [
      402.0
    ],
    "TimeToUnload": 90.0,
    "TimeStartUnload": [
      437.0
    ],
    "TimeEndUnload": [
      488.0
    ],
    "CostOfDelay": 0.0,
    "Skills": ""
  },
  {
    "Id": 49,
    "Name": "ORDER 87",
    "Point_from_id": 87,
    "Point_to_id": 25,
    "Cargo_weight": 20.0,
    "Cargo_volume": 0.0,
    "adjust_UnloadTw": false,
    "TimeToLoad": 90.0,
    "TimeStartLoad": [
      0.0
    ],
    "TimeEndLoad": [
      1326.0
    ],
    "TimeToUnload": 90.0,
    "TimeStartUnload": [
      0.0
    ],
    "TimeEndUnload": [
      1329.0
    ],
    "CostOfDelay": 0.0,
    "Skills": ""
  },
  {
    "Id": 50,
    "Name": "ORDER 88",
    "Point_from_id": 88,
    "Point_to_id": 294,
    "Cargo_weight": 10.0,
    "Cargo_volume": 0.0,
    "adjust_UnloadTw": false,
    "TimeToLoad": 90.0,
    "TimeStartLoad": [
      0.0
    ],
    "TimeEndLoad": [
      1394.0
    ],
    "TimeToUnload": 90.0,
    "TimeStartUnload": [
      0.0
    ],
    "TimeEndUnload": [
      1326.0
    ],
    "CostOfDelay": 0.0,
    "Skills": ""
  },
  {
    "Id": 51,
    "Name": "ORDER 89",
    "Point_from_id": 89,
    "Point_to_id": 160,
    "Cargo_weight": 10.0,
    "Cargo_volume": 0.0,
    "adjust_UnloadTw": false,
    "TimeToLoad": 90.0,
    "TimeStartLoad": [
      0.0
    ],
    "TimeEndLoad": [
      1290.0
    ],
    "TimeToUnload": 90.0,
    "TimeStartUnload": [
      0.0
    ],
    "TimeEndUnload": [
      1295.0
    ],
    "CostOfDelay": 0.0,
    "Skills": ""
  },
  {
    "Id": 52,
    "Name": "ORDER 92",
    "Point_from_id": 92,
    "Point_to_id": 266,
    "Cargo_weight": 20.0,
    "Cargo_volume": 0.0,
    "adjust_UnloadTw": false,
    "TimeToLoad": 90.0,
    "TimeStartLoad": [
      0.0
    ],
    "TimeEndLoad": [
      1353.0
    ],
    "TimeToUnload": 90.0,
    "TimeStartUnload": [
      0.0
    ],
    "TimeEndUnload": [
      1351.0
    ],
    "CostOfDelay": 0.0,
    "Skills": ""
  },
  {
    "Id": 53,
    "Name": "ORDER 94",
    "Point_from_id": 94,
    "Point_to_id": 197,
    "Cargo_weight": 30.0,
    "Cargo_volume": 0.0,
    "adjust_UnloadTw": false,
    "TimeToLoad": 90.0,
    "TimeStartLoad": [
      0.0
    ],
    "TimeEndLoad": [
      1337.0
    ],
    "TimeToUnload": 90.0,
    "TimeStartUnload": [
      0.0
    ],
    "TimeEndUnload": [
      1339.0
    ],
    "CostOfDelay": 0.0,
    "Skills": ""
  },
  {
    "Id": 54,
    "Name": "ORDER 95",
    "Point_from_id": 95,
    "Point_to_id": 300,
    "Cargo_weight": 30.0,
    "Cargo_volume": 0.0,
    "adjust_UnloadTw": false,
    "TimeToLoad": 90.0,
    "TimeStartLoad": [
      0.0
    ],
    "TimeEndLoad": [
      1313.0
    ],
    "TimeToUnload": 90.0,
    "TimeStartUnload": [
      0.0
    ],
    "TimeEndUnload": [
      1384.0
    ],
    "CostOfDelay": 0.0,
    "Skills": ""
  },
  {
    "Id": 55,
    "Name": "ORDER 101",
    "Point_from_id": 101,
    "Point_to_id": 157,
    "Cargo_weight": 20.0,
    "Cargo_volume": 0.0,
    "adjust_UnloadTw": false,
    "TimeToLoad": 90.0,
    "TimeStartLoad": [
      281.0
    ],
    "TimeEndLoad": [
      328.0
    ],
    "TimeToUnload": 90.0,
    "TimeStartUnload": [
      0.0
    ],
    "TimeEndUnload": [
      1361.0
    ],
    "CostOfDelay": 0.0,
    "Skills": ""
  },
  {
    "Id": 56,
    "Name": "ORDER 102",
    "Point_from_id": 102,
    "Point_to_id": 394,
    "Cargo_weight": 10.0,
    "Cargo_volume": 0.0,
    "adjust_UnloadTw": false,
    "TimeToLoad": 90.0,
    "TimeStartLoad": [
      0.0
    ],
    "TimeEndLoad": [
      1329.0
    ],
    "TimeToUnload": 90.0,
    "TimeStartUnload": [
      0.0
    ],
    "TimeEndUnload": [
      1313.0
    ],
    "CostOfDelay": 0.0,
    "Skills": ""
  },
  {
    "Id": 57,
    "Name": "ORDER 104",
    "Point_from_id": 104,
    "Point_to_id": 214,
    "Cargo_weight": 20.0,
    "Cargo_volume": 0.0,
    "adjust_UnloadTw": false,
    "TimeToLoad": 90.0,
    "TimeStartLoad": [
      0.0
    ],
    "TimeEndLoad": [
      1306.0
    ],
    "TimeToUnload": 90.0,
    "TimeStartUnload": [
      0.0
    ],
    "TimeEndUnload": [
      1308.0
    ],
    "CostOfDelay": 0.0,
    "Skills": ""
  },
  {
    "Id": 58,
    "Name": "ORDER 105",
    "Point_from_id": 105,
    "Point_to_id": 361,
    "Cargo_weight": 30.0,
    "Cargo_volume": 0.0,
    "adjust_UnloadTw": false,
    "TimeToLoad": 90.0,
    "TimeStartLoad": [
      80.0
    ],
    "TimeEndLoad": [
      129.0
    ],
    "TimeToUnload": 90.0,
    "TimeStartUnload": [
      0.0
    ],
    "TimeEndUnload": [
      1324.0
    ],
    "CostOfDelay": 0.0,
    "Skills": ""
  },
  {
    "Id": 59,
    "Name": "ORDER 106",
    "Point_from_id": 106,
    "Point_to_id": 163,
    "Cargo_weight": 20.0,
    "Cargo_volume": 0.0,
    "adjust_UnloadTw": false,
    "TimeToLoad": 90.0,
    "TimeStartLoad": [
      0.0
    ],
    "TimeEndLoad": [
      1378.0
    ],
    "TimeToUnload": 90.0,
    "TimeStartUnload": [
      0.0
    ],
    "TimeEndUnload": [
      1385.0
    ],
    "CostOfDelay": 0.0,
    "Skills": ""
  },
  {
    "Id": 60,
    "Name": "ORDER 107",
    "Point_from_id": 107,
    "Point_to_id": 416,
    "Cargo_weight": 20.0,
    "Cargo_volume": 0.0,
    "adjust_UnloadTw": false,
    "TimeToLoad": 0.0,
    "TimeStartLoad": [
      0.0
    ],
    "TimeEndLoad": [
      1349.0
    ],
    "TimeToUnload": 90.0,
    "TimeStartUnload": [
      0.0
    ],
    "TimeEndUnload": [
      1349.0
    ],
    "CostOfDelay": 0.0,
    "Skills": ""
  },
  {
    "Id": 61,
    "Name": "ORDER 109",
    "Point_from_id": 109,
    "Point_to_id": 117,
    "Cargo_weight": 20.0,
    "Cargo_volume": 0.0,
    "adjust_UnloadTw": false,
    "TimeToLoad": 90.0,
    "TimeStartLoad": [
      0.0
    ],
    "TimeEndLoad": [
      1311.0
    ],
    "TimeToUnload": 90.0,
    "TimeStartUnload": [
      0.0
    ],
    "TimeEndUnload": [
      1304.0
    ],
    "CostOfDelay": 0.0,
    "Skills": ""
  },
  {
    "Id": 62,
    "Name": "ORDER 111",
    "Point_from_id": 111,
    "Point_to_id": 363,
    "Cargo_weight": 20.0,
    "Cargo_volume": 0.0,
    "adjust_UnloadTw": false,
    "TimeToLoad": 90.0,
    "TimeStartLoad": [
      0.0
    ],
    "TimeEndLoad": [
      1318.0
    ],
    "TimeToUnload": 90.0,
    "TimeStartUnload": [
      0.0
    ],
    "TimeEndUnload": [
      1320.0
    ],
    "CostOfDelay": 0.0,
    "Skills": ""
  },
  {
    "Id": 63,
    "Name": "ORDER 112",
    "Point_from_id": 112,
    "Point_to_id": 196,
    "Cargo_weight": 20.0,
    "Cargo_volume": 0.0,
    "adjust_UnloadTw": false,
    "TimeToLoad": 90.0,
    "TimeStartLoad": [
      140.0
    ],
    "TimeEndLoad": [
      182.0
    ],
    "TimeToUnload": 90.0,
    "TimeStartUnload": [
      0.0
    ],
    "TimeEndUnload": [
      1346.0
    ],
    "CostOfDelay": 0.0,
    "Skills": ""
  },
  {
    "Id": 64,
    "Name": "ORDER 113",
    "Point_from_id": 113,
    "Point_to_id": 74,
    "Cargo_weight": 30.0,
    "Cargo_volume": 0.0,
    "adjust_UnloadTw": false,
    "TimeToLoad": 90.0,
    "TimeStartLoad": [
      0.0
    ],
    "TimeEndLoad": [
      1322.0
    ],
    "TimeToUnload": 90.0,
    "TimeStartUnload": [
      0.0
    ],
    "TimeEndUnload": [
      1312.0
    ],
    "CostOfDelay": 0.0,
    "Skills": ""
  },
  {
    "Id": 65,
    "Name": "ORDER 114",
    "Point_from_id": 114,
    "Point_to_id": 44,
    "Cargo_weight": 10.0,
    "Cargo_volume": 0.0,
    "adjust_UnloadTw": false,
    "TimeToLoad": 90.0,
    "TimeStartLoad": [
      0.0
    ],
    "TimeEndLoad": [
      1328.0
    ],
    "TimeToUnload": 90.0,
    "TimeStartUnload": [
      0.0
    ],
    "TimeEndUnload": [
      1326.0
    ],
    "CostOfDelay": 0.0,
    "Skills": ""
  },
  {
    "Id": 66,
    "Name": "ORDER 115",
    "Point_from_id": 115,
    "Point_to_id": 331,
    "Cargo_weight": 20.0,
    "Cargo_volume": 0.0,
    "adjust_UnloadTw": false,
    "TimeToLoad": 90.0,
    "TimeStartLoad": [
      0.0
    ],
    "TimeEndLoad": [
      1390.0
    ],
    "TimeToUnload": 90.0,
    "TimeStartUnload": [
      0.0
    ],
    "TimeEndUnload": [
      1386.0
    ],
    "CostOfDelay": 0.0,
    "Skills": ""
  },
  {
    "Id": 67,
    "Name": "ORDER 122",
    "Point_from_id": 122,
    "Point_to_id": 295,
    "Cargo_weight": 10.0,
    "Cargo_volume": 0.0,
    "adjust_UnloadTw": false,
    "TimeToLoad": 90.0,
    "TimeStartLoad": [
      0.0
    ],
    "TimeEndLoad": [
      1314.0
    ],
    "TimeToUnload": 90.0,
    "TimeStartUnload": [
      619.0
    ],
    "TimeEndUnload": [
      672.0
    ],
    "CostOfDelay": 0.0,
    "Skills": ""
  },
  {
    "Id": 68,
    "Name": "ORDER 123",
    "Point_from_id": 123,
    "Point_to_id": 228,
    "Cargo_weight": 10.0,
    "Cargo_volume": 0.0,
    "adjust_UnloadTw": false,
    "TimeToLoad": 90.0,
    "TimeStartLoad": [
      0.0
    ],
    "TimeEndLoad": [
      1306.0
    ],
    "TimeToUnload": 90.0,
    "TimeStartUnload": [
      0.0
    ],
    "TimeEndUnload": [
      1312.0
    ],
    "CostOfDelay": 0.0,
    "Skills": ""
  },
  {
    "Id": 69,
    "Name": "ORDER 133",
    "Point_from_id": 133,
    "Point_to_id": 333,
    "Cargo_weight": 10.0,
    "Cargo_volume": 0.0,
    "adjust_UnloadTw": false,
    "TimeToLoad": 90.0,
    "TimeStartLoad": [
      0.0
    ],
    "TimeEndLoad": [
      1307.0
    ],
    "TimeToUnload": 90.0,
    "TimeStartUnload": [
      0.0
    ],
    "TimeEndUnload": [
      1315.0
    ],
    "CostOfDelay": 0.0,
    "Skills": ""
  },
  {
    "Id": 70,
    "Name": "ORDER 135",
    "Point_from_id": 135,
    "Point_to_id": 393,
    "Cargo_weight": 40.0,
    "Cargo_volume": 0.0,
    "adjust_UnloadTw": false,
    "TimeToLoad": 90.0,
    "TimeStartLoad": [
      216.0
    ],
    "TimeEndLoad": [
      290.0
    ],
    "TimeToUnload": 90.0,
    "TimeStartUnload": [
      0.0
    ],
    "TimeEndUnload": [
      1345.0
    ],
    "CostOfDelay": 0.0,
    "Skills": ""
  },
  {
    "Id": 71,
    "Name": "ORDER 136",
    "Point_from_id": 136,
    "Point_to_id": 22,
    "Cargo_weight": 10.0,
    "Cargo_volume": 0.0,
    "adjust_UnloadTw": false,
    "TimeToLoad": 90.0,
    "TimeStartLoad": [
      0.0
    ],
    "TimeEndLoad": [
      1311.0
    ],
    "TimeToUnload": 90.0,
    "TimeStartUnload": [
      0.0
    ],
    "TimeEndUnload": [
      1320.0
    ],
    "CostOfDelay": 0.0,
    "Skills": ""
  },
  {
    "Id": 72,
    "Name": "ORDER 137",
    "Point_from_id": 137,
    "Point_to_id": 384,
    "Cargo_weight": 20.0,
    "Cargo_volume": 0.0,
    "adjust_UnloadTw": false,
    "TimeToLoad": 90.0,
    "TimeStartLoad": [
      896.0
    ],
    "TimeEndLoad": [
      951.0
    ],
    "TimeToUnload": 90.0,
    "TimeStartUnload": [
      0.0
    ],
    "TimeEndUnload": [
      1324.0
    ],
    "CostOfDelay": 0.0,
    "Skills": ""
  },
  {
    "Id": 73,
    "Name": "ORDER 138",
    "Point_from_id": 138,
    "Point_to_id": 170,
    "Cargo_weight": 10.0,
    "Cargo_volume": 0.0,
    "adjust_UnloadTw": false,
    "TimeToLoad": 90.0,
    "TimeStartLoad": [
      0.0
    ],
    "TimeEndLoad": [
      1324.0
    ],
    "TimeToUnload": 90.0,
    "TimeStartUnload": [
      609.0
    ],
    "TimeEndUnload": [
      670.0
    ],
    "CostOfDelay": 0.0,
    "Skills": ""
  },
  {
    "Id": 74,
    "Name": "ORDER 139",
    "Point_from_id": 139,
    "Point_to_id": 372,
    "Cargo_weight": 20.0,
    "Cargo_volume": 0.0,
    "adjust_UnloadTw": false,
    "TimeToLoad": 90.0,
    "TimeStartLoad": [
      0.0
    ],
    "TimeEndLoad": [
      1362.0
    ],
    "TimeToUnload": 90.0,
    "TimeStartUnload": [
      0.0
    ],
    "TimeEndUnload": [
      1365.0
    ],
    "CostOfDelay": 0.0,
    "Skills": ""
  },
  {
    "Id": 75,
    "Name": "ORDER 140",
    "Point_from_id": 140,
    "Point_to_id": 13,
    "Cargo_weight": 20.0,
    "Cargo_volume": 0.0,
    "adjust_UnloadTw": false,
    "TimeToLoad": 90.0,
    "TimeStartLoad": [
      0.0
    ],
    "TimeEndLoad": [
      1337.0
    ],
    "TimeToUnload": 90.0,
    "TimeStartUnload": [
      0.0
    ],
    "TimeEndUnload": [
      1386.0
    ],
    "CostOfDelay": 0.0,
    "Skills": ""
  },
  {
    "Id": 76,
    "Name": "ORDER 141",
    "Point_from_id": 141,
    "Point_to_id": 364,
    "Cargo_weight": 10.0,
    "Cargo_volume": 0.0,
    "adjust_UnloadTw": false,
    "TimeToLoad": 90.0,
    "TimeStartLoad": [
      0.0
    ],
    "TimeEndLoad": [
      1330.0
    ],
    "TimeToUnload": 90.0,
    "TimeStartUnload": [
      0.0
    ],
    "TimeEndUnload": [
      1350.0
    ],
    "CostOfDelay": 0.0,
    "Skills": ""
  },
  {
    "Id": 77,
    "Name": "ORDER 143",
    "Point_from_id": 143,
    "Point_to_id": 46,
    "Cargo_weight": 10.0,
    "Cargo_volume": 0.0,
    "adjust_UnloadTw": false,
    "TimeToLoad": 90.0,
    "TimeStartLoad": [
      449.0
    ],
    "TimeEndLoad": [
      512.0
    ],
    "TimeToUnload": 90.0,
    "TimeStartUnload": [
      0.0
    ],
    "TimeEndUnload": [
      1289.0
    ],
    "CostOfDelay": 0.0,
    "Skills": ""
  },
  {
    "Id": 78,
    "Name": "ORDER 144",
    "Point_from_id": 144,
    "Point_to_id": 335,
    "Cargo_weight": 10.0,
    "Cargo_volume": 0.0,
    "adjust_UnloadTw": false,
    "TimeToLoad": 90.0,
    "TimeStartLoad": [
      0.0
    ],
    "TimeEndLoad": [
      1317.0
    ],
    "TimeToUnload": 90.0,
    "TimeStartUnload": [
      0.0
    ],
    "TimeEndUnload": [
      1330.0
    ],
    "CostOfDelay": 0.0,
    "Skills": ""
  },
  {
    "Id": 79,
    "Name": "ORDER 145",
    "Point_from_id": 145,
    "Point_to_id": 343,
    "Cargo_weight": 20.0,
    "Cargo_volume": 0.0,
    "adjust_UnloadTw": false,
    "TimeToLoad": 90.0,
    "TimeStartLoad": [
      0.0
    ],
    "TimeEndLoad": [
      1378.0
    ],
    "TimeToUnload": 90.0,
    "TimeStartUnload": [
      0.0
    ],
    "TimeEndUnload": [
      1381.0
    ],
    "CostOfDelay": 0.0,
    "Skills": ""
  },
  {
    "Id": 80,
    "Name": "ORDER 146",
    "Point_from_id": 146,
    "Point_to_id": 413,
    "Cargo_weight": 30.0,
    "Cargo_volume": 0.0,
    "adjust_UnloadTw": false,
    "TimeToLoad": 0.0,
    "TimeStartLoad": [
      0.0
    ],
    "TimeEndLoad": [
      1354.0
    ],
    "TimeToUnload": 90.0,
    "TimeStartUnload": [
      0.0
    ],
    "TimeEndUnload": [
      1354.0
    ],
    "CostOfDelay": 0.0,
    "Skills": ""
  },
  {
    "Id": 81,
    "Name": "ORDER 147",
    "Point_from_id": 147,
    "Point_to_id": 258,
    "Cargo_weight": 10.0,
    "Cargo_volume": 0.0,
    "adjust_UnloadTw": false,
    "TimeToLoad": 90.0,
    "TimeStartLoad": [
      0.0
    ],
    "TimeEndLoad": [
      1289.0
    ],
    "TimeToUnload": 90.0,
    "TimeStartUnload": [
      1099.0
    ],
    "TimeEndUnload": [
      1161.0
    ],
    "CostOfDelay": 0.0,
    "Skills": ""
  },
  {
    "Id": 82,
    "Name": "ORDER 150",
    "Point_from_id": 150,
    "Point_to_id": 257,
    "Cargo_weight": 20.0,
    "Cargo_volume": 0.0,
    "adjust_UnloadTw": false,
    "TimeToLoad": 90.0,
    "TimeStartLoad": [
      0.0
    ],
    "TimeEndLoad": [
      1386.0
    ],
    "TimeToUnload": 90.0,
    "TimeStartUnload": [
      0.0
    ],
    "TimeEndUnload": [
      1384.0
    ],
    "CostOfDelay": 0.0,
    "Skills": ""
  },
  {
    "Id": 83,
    "Name": "ORDER 151",
    "Point_from_id": 151,
    "Point_to_id": 173,
    "Cargo_weight": 10.0,
    "Cargo_volume": 0.0,
    "adjust_UnloadTw": false,
    "TimeToLoad": 90.0,
    "TimeStartLoad": [
      0.0
    ],
    "TimeEndLoad": [
      1326.0
    ],
    "TimeToUnload": 90.0,
    "TimeStartUnload": [
      435.0
    ],
    "TimeEndUnload": [
      491.0
    ],
    "CostOfDelay": 0.0,
    "Skills": ""
  },
  {
    "Id": 84,
    "Name": "ORDER 154",
    "Point_from_id": 154,
    "Point_to_id": 346,
    "Cargo_weight": 20.0,
    "Cargo_volume": 0.0,
    "adjust_UnloadTw": false,
    "TimeToLoad": 90.0,
    "TimeStartLoad": [
      0.0
    ],
    "TimeEndLoad": [
      1342.0
    ],
    "TimeToUnload": 90.0,
    "TimeStartUnload": [
      785.0
    ],
    "TimeEndUnload": [
      836.0
    ],
    "CostOfDelay": 0.0,
    "Skills": ""
  },
  {
    "Id": 85,
    "Name": "ORDER 155",
    "Point_from_id": 155,
    "Point_to_id": 124,
    "Cargo_weight": 20.0,
    "Cargo_volume": 0.0,
    "adjust_UnloadTw": false,
    "TimeToLoad": 90.0,
    "TimeStartLoad": [
      143.0
    ],
    "TimeEndLoad": [
      201.0
    ],
    "TimeToUnload": 90.0,
    "TimeStartUnload": [
      709.0
    ],
    "TimeEndUnload": [
      761.0
    ],
    "CostOfDelay": 0.0,
    "Skills": ""
  },
  {
    "Id": 86,
    "Name": "ORDER 159",
    "Point_from_id": 159,
    "Point_to_id": 222,
    "Cargo_weight": 10.0,
    "Cargo_volume": 0.0,
    "adjust_UnloadTw": false,
    "TimeToLoad": 90.0,
    "TimeStartLoad": [
      0.0
    ],
    "TimeEndLoad": [
      1326.0
    ],
    "TimeToUnload": 90.0,
    "TimeStartUnload": [
      0.0
    ],
    "TimeEndUnload": [
      1325.0
    ],
    "CostOfDelay": 0.0,
    "Skills": ""
  },
  {
    "Id": 87,
    "Name": "ORDER 161",
    "Point_from_id": 161,
    "Point_to_id": 121,
    "Cargo_weight": 30.0,
    "Cargo_volume": 0.0,
    "adjust_UnloadTw": false,
    "TimeToLoad": 90.0,
    "TimeStartLoad": [
      0.0
    ],
    "TimeEndLoad": [
      1315.0
    ],
    "TimeToUnload": 90.0,
    "TimeStartUnload": [
      0.0
    ],
    "TimeEndUnload": [
      1319.0
    ],
    "CostOfDelay": 0.0,
    "Skills": ""
  },
  {
    "Id": 88,
    "Name": "ORDER 164",
    "Point_from_id": 164,
    "Point_to_id": 367,
    "Cargo_weight": 10.0,
    "Cargo_volume": 0.0,
    "adjust_UnloadTw": false,
    "TimeToLoad": 90.0,
    "TimeStartLoad": [
      0.0
    ],
    "TimeEndLoad": [
      1353.0
    ],
    "TimeToUnload": 90.0,
    "TimeStartUnload": [
      0.0
    ],
    "TimeEndUnload": [
      1356.0
    ],
    "CostOfDelay": 0.0,
    "Skills": ""
  },
  {
    "Id": 89,
    "Name": "ORDER 166",
    "Point_from_id": 166,
    "Point_to_id": 215,
    "Cargo_weight": 20.0,
    "Cargo_volume": 0.0,
    "adjust_UnloadTw": false,
    "TimeToLoad": 90.0,
    "TimeStartLoad": [
      0.0
    ],
    "TimeEndLoad": [
      1291.0
    ],
    "TimeToUnload": 90.0,
    "TimeStartUnload": [
      540.0
    ],
    "TimeEndUnload": [
      607.0
    ],
    "CostOfDelay": 0.0,
    "Skills": ""
  },
  {
    "Id": 90,
    "Name": "ORDER 167",
    "Point_from_id": 167,
    "Point_to_id": 79,
    "Cargo_weight": 10.0,
    "Cargo_volume": 0.0,
    "adjust_UnloadTw": false,
    "TimeToLoad": 90.0,
    "TimeStartLoad": [
      396.0
    ],
    "TimeEndLoad": [
      465.0
    ],
    "TimeToUnload": 90.0,
    "TimeStartUnload": [
      0.0
    ],
    "TimeEndUnload": [
      1354.0
    ],
    "CostOfDelay": 0.0,
    "Skills": ""
  },
  {
    "Id": 91,
    "Name": "ORDER 168",
    "Point_from_id": 168,
    "Point_to_id": 326,
    "Cargo_weight": 20.0,
    "Cargo_volume": 0.0,
    "adjust_UnloadTw": false,
    "TimeToLoad": 90.0,
    "TimeStartLoad": [
      813.0
    ],
    "TimeEndLoad": [
      865.0
    ],
    "TimeToUnload": 90.0,
    "TimeStartUnload": [
      0.0
    ],
    "TimeEndUnload": [
      1310.0
    ],
    "CostOfDelay": 0.0,
    "Skills": ""
  },
  {
    "Id": 92,
    "Name": "ORDER 169",
    "Point_from_id": 169,
    "Point_to_id": 28,
    "Cargo_weight": 10.0,
    "Cargo_volume": 0.0,
    "adjust_UnloadTw": false,
    "TimeToLoad": 90.0,
    "TimeStartLoad": [
      476.0
    ],
    "TimeEndLoad": [
      536.0
    ],
    "TimeToUnload": 90.0,
    "TimeStartUnload": [
      0.0
    ],
    "TimeEndUnload": [
      1361.0
    ],
    "CostOfDelay": 0.0,
    "Skills": ""
  },
  {
    "Id": 93,
    "Name": "ORDER 171",
    "Point_from_id": 171,
    "Point_to_id": 27,
    "Cargo_weight": 10.0,
    "Cargo_volume": 0.0,
    "adjust_UnloadTw": false,
    "TimeToLoad": 90.0,
    "TimeStartLoad": [
      0.0
    ],
    "TimeEndLoad": [
      1316.0
    ],
    "TimeToUnload": 90.0,
    "TimeStartUnload": [
      0.0
    ],
    "TimeEndUnload": [
      1325.0
    ],
    "CostOfDelay": 0.0,
    "Skills": ""
  },
  {
    "Id": 94,
    "Name": "ORDER 174",
    "Point_from_id": 174,
    "Point_to_id": 271,
    "Cargo_weight": 20.0,
    "Cargo_volume": 0.0,
    "adjust_UnloadTw": false,
    "TimeToLoad": 90.0,
    "TimeStartLoad": [
      0.0
    ],
    "TimeEndLoad": [
      1309.0
    ],
    "TimeToUnload": 90.0,
    "TimeStartUnload": [
      351.0
    ],
    "TimeEndUnload": [
      409.0
    ],
    "CostOfDelay": 0.0,
    "Skills": ""
  },
  {
    "Id": 95,
    "Name": "ORDER 177",
    "Point_from_id": 177,
    "Point_to_id": 30,
    "Cargo_weight": 40.0,
    "Cargo_volume": 0.0,
    "adjust_UnloadTw": false,
    "TimeToLoad": 90.0,
    "TimeStartLoad": [
      0.0
    ],
    "TimeEndLoad": [
      1308.0
    ],
    "TimeToUnload": 90.0,
    "TimeStartUnload": [
      0.0
    ],
    "TimeEndUnload": [
      1316.0
    ],
    "CostOfDelay": 0.0,
    "Skills": ""
  },
  {
    "Id": 96,
    "Name": "ORDER 178",
    "Point_from_id": 178,
    "Point_to_id": 77,
    "Cargo_weight": 20.0,
    "Cargo_volume": 0.0,
    "adjust_UnloadTw": false,
    "TimeToLoad": 90.0,
    "TimeStartLoad": [
      808.0
    ],
    "TimeEndLoad": [
      872.0
    ],
    "TimeToUnload": 90.0,
    "TimeStartUnload": [
      0.0
    ],
    "TimeEndUnload": [
      1316.0
    ],
    "CostOfDelay": 0.0,
    "Skills": ""
  },
  {
    "Id": 97,
    "Name": "ORDER 180",
    "Point_from_id": 180,
    "Point_to_id": 246,
    "Cargo_weight": 10.0,
    "Cargo_volume": 0.0,
    "adjust_UnloadTw": false,
    "TimeToLoad": 90.0,
    "TimeStartLoad": [
      236.0
    ],
    "TimeEndLoad": [
      285.0
    ],
    "TimeToUnload": 90.0,
    "TimeStartUnload": [
      0.0
    ],
    "TimeEndUnload": [
      1337.0
    ],
    "CostOfDelay": 0.0,
    "Skills": ""
  },
  {
    "Id": 98,
    "Name": "ORDER 181",
    "Point_from_id": 181,
    "Point_to_id": 242,
    "Cargo_weight": 10.0,
    "Cargo_volume": 0.0,
    "adjust_UnloadTw": false,
    "TimeToLoad": 90.0,
    "TimeStartLoad": [
      165.0
    ],
    "TimeEndLoad": [
      233.0
    ],
    "TimeToUnload": 90.0,
    "TimeStartUnload": [
      0.0
    ],
    "TimeEndUnload": [
      1309.0
    ],
    "CostOfDelay": 0.0,
    "Skills": ""
  },
  {
    "Id": 99,
    "Name": "ORDER 182",
    "Point_from_id": 182,
    "Point_to_id": 35,
    "Cargo_weight": 20.0,
    "Cargo_volume": 0.0,
    "adjust_UnloadTw": false,
    "TimeToLoad": 90.0,
    "TimeStartLoad": [
      157.0
    ],
    "TimeEndLoad": [
      225.0
    ],
    "TimeToUnload": 90.0,
    "TimeStartUnload": [
      0.0
    ],
    "TimeEndUnload": [
      1305.0
    ],
    "CostOfDelay": 0.0,
    "Skills": ""
  },
  {
    "Id": 100,
    "Name": "ORDER 184",
    "Point_from_id": 184,
    "Point_to_id": 175,
    "Cargo_weight": 20.0,
    "Cargo_volume": 0.0,
    "adjust_UnloadTw": false,
    "TimeToLoad": 90.0,
    "TimeStartLoad": [
      0.0
    ],
    "TimeEndLoad": [
      1379.0
    ],
    "TimeToUnload": 90.0,
    "TimeStartUnload": [
      0.0
    ],
    "TimeEndUnload": [
      1381.0
    ],
    "CostOfDelay": 0.0,
    "Skills": ""
  },
  {
    "Id": 101,
    "Name": "ORDER 185",
    "Point_from_id": 185,
    "Point_to_id": 318,
    "Cargo_weight": 30.0,
    "Cargo_volume": 0.0,
    "adjust_UnloadTw": false,
    "TimeToLoad": 90.0,
    "TimeStartLoad": [
      0.0
    ],
    "TimeEndLoad": [
      1392.0
    ],
    "TimeToUnload": 90.0,
    "TimeStartUnload": [
      541.0
    ],
    "TimeEndUnload": [
      618.0
    ],
    "CostOfDelay": 0.0,
    "Skills": ""
  },
  {
    "Id": 102,
    "Name": "ORDER 186",
    "Point_from_id": 186,
    "Point_to_id": 342,
    "Cargo_weight": 20.0,
    "Cargo_volume": 0.0,
    "adjust_UnloadTw": false,
    "TimeToLoad": 90.0,
    "TimeStartLoad": [
      0.0
    ],
    "TimeEndLoad": [
      1345.0
    ],
    "TimeToUnload": 90.0,
    "TimeStartUnload": [
      410.0
    ],
    "TimeEndUnload": [
      467.0
    ],
    "CostOfDelay": 0.0,
    "Skills": ""
  },
  {
    "Id": 103,
    "Name": "ORDER 187",
    "Point_from_id": 187,
    "Point_to_id": 410,
    "Cargo_weight": 10.0,
    "Cargo_volume": 0.0,
    "adjust_UnloadTw": false,
    "TimeToLoad": 0.0,
    "TimeStartLoad": [
      717.0
    ],
    "TimeEndLoad": [
      774.0
    ],
    "TimeToUnload": 90.0,
    "TimeStartUnload": [
      717.0
    ],
    "TimeEndUnload": [
      774.0
    ],
    "CostOfDelay": 0.0,
    "Skills": ""
  },
  {
    "Id": 104,
    "Name": "ORDER 188",
    "Point_from_id": 188,
    "Point_to_id": 125,
    "Cargo_weight": 10.0,
    "Cargo_volume": 0.0,
    "adjust_UnloadTw": false,
    "TimeToLoad": 90.0,
    "TimeStartLoad": [
      0.0
    ],
    "TimeEndLoad": [
      1323.0
    ],
    "TimeToUnload": 90.0,
    "TimeStartUnload": [
      513.0
    ],
    "TimeEndUnload": [
      593.0
    ],
    "CostOfDelay": 0.0,
    "Skills": ""
  },
  {
    "Id": 105,
    "Name": "ORDER 189",
    "Point_from_id": 189,
    "Point_to_id": 390,
    "Cargo_weight": 30.0,
    "Cargo_volume": 0.0,
    "adjust_UnloadTw": false,
    "TimeToLoad": 90.0,
    "TimeStartLoad": [
      0.0
    ],
    "TimeEndLoad": [
      1310.0
    ],
    "TimeToUnload": 90.0,
    "TimeStartUnload": [
      0.0
    ],
    "TimeEndUnload": [
      1306.0
    ],
    "CostOfDelay": 0.0,
    "Skills": ""
  },
  {
    "Id": 106,
    "Name": "ORDER 192",
    "Point_from_id": 192,
    "Point_to_id": 128,
    "Cargo_weight": 10.0,
    "Cargo_volume": 0.0,
    "adjust_UnloadTw": false,
    "TimeToLoad": 90.0,
    "TimeStartLoad": [
      798.0
    ],
    "TimeEndLoad": [
      865.0
    ],
    "TimeToUnload": 90.0,
    "TimeStartUnload": [
      0.0
    ],
    "TimeEndUnload": [
      1316.0
    ],
    "CostOfDelay": 0.0,
    "Skills": ""
  },
  {
    "Id": 107,
    "Name": "ORDER 193",
    "Point_from_id": 193,
    "Point_to_id": 256,
    "Cargo_weight": 10.0,
    "Cargo_volume": 0.0,
    "adjust_UnloadTw": false,
    "TimeToLoad": 90.0,
    "TimeStartLoad": [
      0.0
    ],
    "TimeEndLoad": [
      1323.0
    ],
    "TimeToUnload": 90.0,
    "TimeStartUnload": [
      0.0
    ],
    "TimeEndUnload": [
      1312.0
    ],
    "CostOfDelay": 0.0,
    "Skills": ""
  },
  {
    "Id": 108,
    "Name": "ORDER 194",
    "Point_from_id": 194,
    "Point_to_id": 142,
    "Cargo_weight": 10.0,
    "Cargo_volume": 0.0,
    "adjust_UnloadTw": false,
    "TimeToLoad": 90.0,
    "TimeStartLoad": [
      0.0
    ],
    "TimeEndLoad": [
      1319.0
    ],
    "TimeToUnload": 90.0,
    "TimeStartUnload": [
      0.0
    ],
    "TimeEndUnload": [
      1325.0
    ],
    "CostOfDelay": 0.0,
    "Skills": ""
  },
  {
    "Id": 109,
    "Name": "ORDER 195",
    "Point_from_id": 195,
    "Point_to_id": 329,
    "Cargo_weight": 20.0,
    "Cargo_volume": 0.0,
    "adjust_UnloadTw": false,
    "TimeToLoad": 90.0,
    "TimeStartLoad": [
      0.0
    ],
    "TimeEndLoad": [
      1318.0
    ],
    "TimeToUnload": 90.0,
    "TimeStartUnload": [
      0.0
    ],
    "TimeEndUnload": [
      1378.0
    ],
    "CostOfDelay": 0.0,
    "Skills": ""
  },
  {
    "Id": 110,
    "Name": "ORDER 200",
    "Point_from_id": 200,
    "Point_to_id": 119,
    "Cargo_weight": 20.0,
    "Cargo_volume": 0.0,
    "adjust_UnloadTw": false,
    "TimeToLoad": 90.0,
    "TimeStartLoad": [
      0.0
    ],
    "TimeEndLoad": [
      1314.0
    ],
    "TimeToUnload": 90.0,
    "TimeStartUnload": [
      904.0
    ],
    "TimeEndUnload": [
      958.0
    ],
    "CostOfDelay": 0.0,
    "Skills": ""
  },
  {
    "Id": 111,
    "Name": "ORDER 201",
    "Point_from_id": 201,
    "Point_to_id": 96,
    "Cargo_weight": 40.0,
    "Cargo_volume": 0.0,
    "adjust_UnloadTw": false,
    "TimeToLoad": 90.0,
    "TimeStartLoad": [
      0.0
    ],
    "TimeEndLoad": [
      1328.0
    ],
    "TimeToUnload": 90.0,
    "TimeStartUnload": [
      714.0
    ],
    "TimeEndUnload": [
      792.0
    ],
    "CostOfDelay": 0.0,
    "Skills": ""
  },
  {
    "Id": 112,
    "Name": "ORDER 202",
    "Point_from_id": 202,
    "Point_to_id": 45,
    "Cargo_weight": 30.0,
    "Cargo_volume": 0.0,
    "adjust_UnloadTw": false,
    "TimeToLoad": 90.0,
    "TimeStartLoad": [
      319.0
    ],
    "TimeEndLoad": [
      371.0
    ],
    "TimeToUnload": 90.0,
    "TimeStartUnload": [
      0.0
    ],
    "TimeEndUnload": [
      1346.0
    ],
    "CostOfDelay": 0.0,
    "Skills": ""
  },
  {
    "Id": 113,
    "Name": "ORDER 204",
    "Point_from_id": 204,
    "Point_to_id": 93,
    "Cargo_weight": 30.0,
    "Cargo_volume": 0.0,
    "adjust_UnloadTw": false,
    "TimeToLoad": 90.0,
    "TimeStartLoad": [
      0.0
    ],
    "TimeEndLoad": [
      1310.0
    ],
    "TimeToUnload": 90.0,
    "TimeStartUnload": [
      0.0
    ],
    "TimeEndUnload": [
      1312.0
    ],
    "CostOfDelay": 0.0,
    "Skills": ""
  },
  {
    "Id": 114,
    "Name": "ORDER 206",
    "Point_from_id": 206,
    "Point_to_id": 336,
    "Cargo_weight": 30.0,
    "Cargo_volume": 0.0,
    "adjust_UnloadTw": false,
    "TimeToLoad": 90.0,
    "TimeStartLoad": [
      356.0
    ],
    "TimeEndLoad": [
      425.0
    ],
    "TimeToUnload": 90.0,
    "TimeStartUnload": [
      0.0
    ],
    "TimeEndUnload": [
      1398.0
    ],
    "CostOfDelay": 0.0,
    "Skills": ""
  },
  {
    "Id": 115,
    "Name": "ORDER 209",
    "Point_from_id": 209,
    "Point_to_id": 176,
    "Cargo_weight": 20.0,
    "Cargo_volume": 0.0,
    "adjust_UnloadTw": false,
    "TimeToLoad": 90.0,
    "TimeStartLoad": [
      0.0
    ],
    "TimeEndLoad": [
      1390.0
    ],
    "TimeToUnload": 90.0,
    "TimeStartUnload": [
      0.0
    ],
    "TimeEndUnload": [
      1313.0
    ],
    "CostOfDelay": 0.0,
    "Skills": ""
  },
  {
    "Id": 116,
    "Name": "ORDER 211",
    "Point_from_id": 211,
    "Point_to_id": 71,
    "Cargo_weight": 20.0,
    "Cargo_volume": 0.0,
    "adjust_UnloadTw": false,
    "TimeToLoad": 90.0,
    "TimeStartLoad": [
      0.0
    ],
    "TimeEndLoad": [
      1324.0
    ],
    "TimeToUnload": 90.0,
    "TimeStartUnload": [
      517.0
    ],
    "TimeEndUnload": [
      580.0
    ],
    "CostOfDelay": 0.0,
    "Skills": ""
  },
  {
    "Id": 117,
    "Name": "ORDER 216",
    "Point_from_id": 216,
    "Point_to_id": 238,
    "Cargo_weight": 30.0,
    "Cargo_volume": 0.0,
    "adjust_UnloadTw": false,
    "TimeToLoad": 90.0,
    "TimeStartLoad": [
      141.0
    ],
    "TimeEndLoad": [
      227.0
    ],
    "TimeToUnload": 90.0,
    "TimeStartUnload": [
      619.0
    ],
    "TimeEndUnload": [
      689.0
    ],
    "CostOfDelay": 0.0,
    "Skills": ""
  },
  {
    "Id": 118,
    "Name": "ORDER 217",
    "Point_from_id": 217,
    "Point_to_id": 411,
    "Cargo_weight": 20.0,
    "Cargo_volume": 0.0,
    "adjust_UnloadTw": false,
    "TimeToLoad": 0.0,
    "TimeStartLoad": [
      0.0
    ],
    "TimeEndLoad": [
      1393.0
    ],
    "TimeToUnload": 90.0,
    "TimeStartUnload": [
      0.0
    ],
    "TimeEndUnload": [
      1393.0
    ],
    "CostOfDelay": 0.0,
    "Skills": ""
  },
  {
    "Id": 119,
    "Name": "ORDER 218",
    "Point_from_id": 218,
    "Point_to_id": 223,
    "Cargo_weight": 10.0,
    "Cargo_volume": 0.0,
    "adjust_UnloadTw": false,
    "TimeToLoad": 90.0,
    "TimeStartLoad": [
      0.0
    ],
    "TimeEndLoad": [
      1308.0
    ],
    "TimeToUnload": 90.0,
    "TimeStartUnload": [
      0.0
    ],
    "TimeEndUnload": [
      1309.0
    ],
    "CostOfDelay": 0.0,
    "Skills": ""
  },
  {
    "Id": 120,
    "Name": "ORDER 219",
    "Point_from_id": 219,
    "Point_to_id": 90,
    "Cargo_weight": 10.0,
    "Cargo_volume": 0.0,
    "adjust_UnloadTw": false,
    "TimeToLoad": 90.0,
    "TimeStartLoad": [
      672.0
    ],
    "TimeEndLoad": [
      723.0
    ],
    "TimeToUnload": 90.0,
    "TimeStartUnload": [
      0.0
    ],
    "TimeEndUnload": [
      1343.0
    ],
    "CostOfDelay": 0.0,
    "Skills": ""
  },
  {
    "Id": 121,
    "Name": "ORDER 220",
    "Point_from_id": 220,
    "Point_to_id": 86,
    "Cargo_weight": 30.0,
    "Cargo_volume": 0.0,
    "adjust_UnloadTw": false,
    "TimeToLoad": 90.0,
    "TimeStartLoad": [
      0.0
    ],
    "TimeEndLoad": [
      1313.0
    ],
    "TimeToUnload": 90.0,
    "TimeStartUnload": [
      0.0
    ],
    "TimeEndUnload": [
      1331.0
    ],
    "CostOfDelay": 0.0,
    "Skills": ""
  },
  {
    "Id": 122,
    "Name": "ORDER 221",
    "Point_from_id": 221,
    "Point_to_id": 63,
    "Cargo_weight": 20.0,
    "Cargo_volume": 0.0,
    "adjust_UnloadTw": false,
    "TimeToLoad": 90.0,
    "TimeStartLoad": [
      0.0
    ],
    "TimeEndLoad": [
      1338.0
    ],
    "TimeToUnload": 90.0,
    "TimeStartUnload": [
      0.0
    ],
    "TimeEndUnload": [
      1324.0
    ],
    "CostOfDelay": 0.0,
    "Skills": ""
  },
  {
    "Id": 123,
    "Name": "ORDER 225",
    "Point_from_id": 225,
    "Point_to_id": 323,
    "Cargo_weight": 10.0,
    "Cargo_volume": 0.0,
    "adjust_UnloadTw": false,
    "TimeToLoad": 90.0,
    "TimeStartLoad": [
      0.0
    ],
    "TimeEndLoad": [
      1328.0
    ],
    "TimeToUnload": 90.0,
    "TimeStartUnload": [
      0.0
    ],
    "TimeEndUnload": [
      1328.0
    ],
    "CostOfDelay": 0.0,
    "Skills": ""
  },
  {
    "Id": 124,
    "Name": "ORDER 226",
    "Point_from_id": 226,
    "Point_to_id": 350,
    "Cargo_weight": 20.0,
    "Cargo_volume": 0.0,
    "adjust_UnloadTw": false,
    "TimeToLoad": 90.0,
    "TimeStartLoad": [
      160.0
    ],
    "TimeEndLoad": [
      222.0
    ],
    "TimeToUnload": 90.0,
    "TimeStartUnload": [
      0.0
    ],
    "TimeEndUnload": [
      1307.0
    ],
    "CostOfDelay": 0.0,
    "Skills": ""
  },
  {
    "Id": 125,
    "Name": "ORDER 229",
    "Point_from_id": 229,
    "Point_to_id": 103,
    "Cargo_weight": 20.0,
    "Cargo_volume": 0.0,
    "adjust_UnloadTw": false,
    "TimeToLoad": 90.0,
    "TimeStartLoad": [
      432.0
    ],
    "TimeEndLoad": [
      493.0
    ],
    "TimeToUnload": 90.0,
    "TimeStartUnload": [
      709.0
    ],
    "TimeEndUnload": [
      766.0
    ],
    "CostOfDelay": 0.0,
    "Skills": ""
  },
  {
    "Id": 126,
    "Name": "ORDER 231",
    "Point_from_id": 231,
    "Point_to_id": 224,
    "Cargo_weight": 10.0,
    "Cargo_volume": 0.0,
    "adjust_UnloadTw": false,
    "TimeToLoad": 90.0,
    "TimeStartLoad": [
      0.0
    ],
    "TimeEndLoad": [
      1325.0
    ],
    "TimeToUnload": 90.0,
    "TimeStartUnload": [
      0.0
    ],
    "TimeEndUnload": [
      1353.0
    ],
    "CostOfDelay": 0.0,
    "Skills": ""
  },
  {
    "Id": 127,
    "Name": "ORDER 232",
    "Point_from_id": 232,
    "Point_to_id": 208,
    "Cargo_weight": 10.0,
    "Cargo_volume": 0.0,
    "adjust_UnloadTw": false,
    "TimeToLoad": 90.0,
    "TimeStartLoad": [
      0.0
    ],
    "TimeEndLoad": [
      1323.0
    ],
    "TimeToUnload": 90.0,
    "TimeStartUnload": [
      0.0
    ],
    "TimeEndUnload": [
      1381.0
    ],
    "CostOfDelay": 0.0,
    "Skills": ""
  },
  {
    "Id": 128,
    "Name": "ORDER 233",
    "Point_from_id": 233,
    "Point_to_id": 383,
    "Cargo_weight": 20.0,
    "Cargo_volume": 0.0,
    "adjust_UnloadTw": false,
    "TimeToLoad": 90.0,
    "TimeStartLoad": [
      336.0
    ],
    "TimeEndLoad": [
      404.0
    ],
    "TimeToUnload": 90.0,
    "TimeStartUnload": [
      0.0
    ],
    "TimeEndUnload": [
      1318.0
    ],
    "CostOfDelay": 0.0,
    "Skills": ""
  },
  {
    "Id": 129,
    "Name": "ORDER 235",
    "Point_from_id": 235,
    "Point_to_id": 152,
    "Cargo_weight": 30.0,
    "Cargo_volume": 0.0,
    "adjust_UnloadTw": false,
    "TimeToLoad": 90.0,
    "TimeStartLoad": [
      0.0
    ],
    "TimeEndLoad": [
      1321.0
    ],
    "TimeToUnload": 90.0,
    "TimeStartUnload": [
      0.0
    ],
    "TimeEndUnload": [
      1393.0
    ],
    "CostOfDelay": 0.0,
    "Skills": ""
  },
  {
    "Id": 130,
    "Name": "ORDER 236",
    "Point_from_id": 236,
    "Point_to_id": 403,
    "Cargo_weight": 20.0,
    "Cargo_volume": 0.0,
    "adjust_UnloadTw": false,
    "TimeToLoad": 0.0,
    "TimeStartLoad": [
      0.0
    ],
    "TimeEndLoad": [
      1309.0
    ],
    "TimeToUnload": 90.0,
    "TimeStartUnload": [
      0.0
    ],
    "TimeEndUnload": [
      1309.0
    ],
    "CostOfDelay": 0.0,
    "Skills": ""
  },
  {
    "Id": 131,
    "Name": "ORDER 237",
    "Point_from_id": 237,
    "Point_to_id": 255,
    "Cargo_weight": 10.0,
    "Cargo_volume": 0.0,
    "adjust_UnloadTw": false,
    "TimeToLoad": 90.0,
    "TimeStartLoad": [
      0.0
    ],
    "TimeEndLoad": [
      1357.0
    ],
    "TimeToUnload": 90.0,
    "TimeStartUnload": [
      0.0
    ],
    "TimeEndUnload": [
      1365.0
    ],
    "CostOfDelay": 0.0,
    "Skills": ""
  },
  {
    "Id": 132,
    "Name": "ORDER 244",
    "Point_from_id": 244,
    "Point_to_id": 234,
    "Cargo_weight": 10.0,
    "Cargo_volume": 0.0,
    "adjust_UnloadTw": false,
    "TimeToLoad": 90.0,
    "TimeStartLoad": [
      0.0
    ],
    "TimeEndLoad": [
      1302.0
    ],
    "TimeToUnload": 90.0,
    "TimeStartUnload": [
      1002.0
    ],
    "TimeEndUnload": [
      1085.0
    ],
    "CostOfDelay": 0.0,
    "Skills": ""
  },
  {
    "Id": 133,
    "Name": "ORDER 245",
    "Point_from_id": 245,
    "Point_to_id": 49,
    "Cargo_weight": 10.0,
    "Cargo_volume": 0.0,
    "adjust_UnloadTw": false,
    "TimeToLoad": 90.0,
    "TimeStartLoad": [
      0.0
    ],
    "TimeEndLoad": [
      1305.0
    ],
    "TimeToUnload": 90.0,
    "TimeStartUnload": [
      0.0
    ],
    "TimeEndUnload": [
      1327.0
    ],
    "CostOfDelay": 0.0,
    "Skills": ""
  },
  {
    "Id": 134,
    "Name": "ORDER 247",
    "Point_from_id": 247,
    "Point_to_id": 402,
    "Cargo_weight": 10.0,
    "Cargo_volume": 0.0,
    "adjust_UnloadTw": false,
    "TimeToLoad": 0.0,
    "TimeStartLoad": [
      535.0
    ],
    "TimeEndLoad": [
      591.0
    ],
    "TimeToUnload": 90.0,
    "TimeStartUnload": [
      535.0
    ],
    "TimeEndUnload": [
      591.0
    ],
    "CostOfDelay": 0.0,
    "Skills": ""
  },
  {
    "Id": 135,
    "Name": "ORDER 248",
    "Point_from_id": 248,
    "Point_to_id": 249,
    "Cargo_weight": 10.0,
    "Cargo_volume": 0.0,
    "adjust_UnloadTw": false,
    "TimeToLoad": 90.0,
    "TimeStartLoad": [
      0.0
    ],
    "TimeEndLoad": [
      1316.0
    ],
    "TimeToUnload": 90.0,
    "TimeStartUnload": [
      0.0
    ],
    "TimeEndUnload": [
      1361.0
    ],
    "CostOfDelay": 0.0,
    "Skills": ""
  },
  {
    "Id": 136,
    "Name": "ORDER 253",
    "Point_from_id": 253,
    "Point_to_id": 59,
    "Cargo_weight": 20.0,
    "Cargo_volume": 0.0,
    "adjust_UnloadTw": false,
    "TimeToLoad": 90.0,
    "TimeStartLoad": [
      0.0
    ],
    "TimeEndLoad": [
      1331.0
    ],
    "TimeToUnload": 90.0,
    "TimeStartUnload": [
      0.0
    ],
    "TimeEndUnload": [
      1326.0
    ],
    "CostOfDelay": 0.0,
    "Skills": ""
  },
  {
    "Id": 137,
    "Name": "ORDER 261",
    "Point_from_id": 261,
    "Point_to_id": 131,
    "Cargo_weight": 20.0,
    "Cargo_volume": 0.0,
    "adjust_UnloadTw": false,
    "TimeToLoad": 90.0,
    "TimeStartLoad": [
      0.0
    ],
    "TimeEndLoad": [
      1321.0
    ],
    "TimeToUnload": 90.0,
    "TimeStartUnload": [
      0.0
    ],
    "TimeEndUnload": [
      1321.0
    ],
    "CostOfDelay": 0.0,
    "Skills": ""
  },
  {
    "Id": 138,
    "Name": "ORDER 264",
    "Point_from_id": 264,
    "Point_to_id": 307,
    "Cargo_weight": 10.0,
    "Cargo_volume": 0.0,
    "adjust_UnloadTw": false,
    "TimeToLoad": 90.0,
    "TimeStartLoad": [
      0.0
    ],
    "TimeEndLoad": [
      1316.0
    ],
    "TimeToUnload": 90.0,
    "TimeStartUnload": [
      0.0
    ],
    "TimeEndUnload": [
      1314.0
    ],
    "CostOfDelay": 0.0,
    "Skills": ""
  },
  {
    "Id": 139,
    "Name": "ORDER 267",
    "Point_from_id": 267,
    "Point_to_id": 20,
    "Cargo_weight": 20.0,
    "Cargo_volume": 0.0,
    "adjust_UnloadTw": false,
    "TimeToLoad": 90.0,
    "TimeStartLoad": [
      0.0
    ],
    "TimeEndLoad": [
      1359.0
    ],
    "TimeToUnload": 90.0,
    "TimeStartUnload": [
      832.0
    ],
    "TimeEndUnload": [
      881.0
    ],
    "CostOfDelay": 0.0,
    "Skills": ""
  },
  {
    "Id": 140,
    "Name": "ORDER 270",
    "Point_from_id": 270,
    "Point_to_id": 210,
    "Cargo_weight": 30.0,
    "Cargo_volume": 0.0,
    "adjust_UnloadTw": false,
    "TimeToLoad": 90.0,
    "TimeStartLoad": [
      0.0
    ],
    "TimeEndLoad": [
      1323.0
    ],
    "TimeToUnload": 90.0,
    "TimeStartUnload": [
      0.0
    ],
    "TimeEndUnload": [
      1305.0
    ],
    "CostOfDelay": 0.0,
    "Skills": ""
  },
  {
    "Id": 141,
    "Name": "ORDER 273",
    "Point_from_id": 273,
    "Point_to_id": 365,
    "Cargo_weight": 10.0,
    "Cargo_volume": 0.0,
    "adjust_UnloadTw": false,
    "TimeToLoad": 90.0,
    "TimeStartLoad": [
      0.0
    ],
    "TimeEndLoad": [
      1317.0
    ],
    "TimeToUnload": 90.0,
    "TimeStartUnload": [
      0.0
    ],
    "TimeEndUnload": [
      1317.0
    ],
    "CostOfDelay": 0.0,
    "Skills": ""
  },
  {
    "Id": 142,
    "Name": "ORDER 274",
    "Point_from_id": 274,
    "Point_to_id": 4,
    "Cargo_weight": 20.0,
    "Cargo_volume": 0.0,
    "adjust_UnloadTw": false,
    "TimeToLoad": 90.0,
    "TimeStartLoad": [
      0.0
    ],
    "TimeEndLoad": [
      1325.0
    ],
    "TimeToUnload": 90.0,
    "TimeStartUnload": [
      703.0
    ],
    "TimeEndUnload": [
      763.0
    ],
    "CostOfDelay": 0.0,
    "Skills": ""
  },
  {
    "Id": 143,
    "Name": "ORDER 275",
    "Point_from_id": 275,
    "Point_to_id": 340,
    "Cargo_weight": 10.0,
    "Cargo_volume": 0.0,
    "adjust_UnloadTw": false,
    "TimeToLoad": 90.0,
    "TimeStartLoad": [
      0.0
    ],
    "TimeEndLoad": [
      1328.0
    ],
    "TimeToUnload": 90.0,
    "TimeStartUnload": [
      0.0
    ],
    "TimeEndUnload": [
      1349.0
    ],
    "CostOfDelay": 0.0,
    "Skills": ""
  },
  {
    "Id": 144,
    "Name": "ORDER 277",
    "Point_from_id": 277,
    "Point_to_id": 325,
    "Cargo_weight": 30.0,
    "Cargo_volume": 0.0,
    "adjust_UnloadTw": false,
    "TimeToLoad": 90.0,
    "TimeStartLoad": [
      0.0
    ],
    "TimeEndLoad": [
      1382.0
    ],
    "TimeToUnload": 90.0,
    "TimeStartUnload": [
      0.0
    ],
    "TimeEndUnload": [
      1387.0
    ],
    "CostOfDelay": 0.0,
    "Skills": ""
  },
  {
    "Id": 145,
    "Name": "ORDER 279",
    "Point_from_id": 279,
    "Point_to_id": 399,
    "Cargo_weight": 20.0,
    "Cargo_volume": 0.0,
    "adjust_UnloadTw": false,
    "TimeToLoad": 90.0,
    "TimeStartLoad": [
      0.0
    ],
    "TimeEndLoad": [
      1336.0
    ],
    "TimeToUnload": 90.0,
    "TimeStartUnload": [
      723.0
    ],
    "TimeEndUnload": [
      775.0
    ],
    "CostOfDelay": 0.0,
    "Skills": ""
  },
  {
    "Id": 146,
    "Name": "ORDER 280",
    "Point_from_id": 280,
    "Point_to_id": 392,
    "Cargo_weight": 10.0,
    "Cargo_volume": 0.0,
    "adjust_UnloadTw": false,
    "TimeToLoad": 90.0,
    "TimeStartLoad": [
      207.0
    ],
    "TimeEndLoad": [
      254.0
    ],
    "TimeToUnload": 90.0,
    "TimeStartUnload": [
      0.0
    ],
    "TimeEndUnload": [
      1361.0
    ],
    "CostOfDelay": 0.0,
    "Skills": ""
  },
  {
    "Id": 147,
    "Name": "ORDER 281",
    "Point_from_id": 281,
    "Point_to_id": 129,
    "Cargo_weight": 10.0,
    "Cargo_volume": 0.0,
    "adjust_UnloadTw": false,
    "TimeToLoad": 90.0,
    "TimeStartLoad": [
      0.0
    ],
    "TimeEndLoad": [
      1318.0
    ],
    "TimeToUnload": 90.0,
    "TimeStartUnload": [
      603.0
    ],
    "TimeEndUnload": [
      674.0
    ],
    "CostOfDelay": 0.0,
    "Skills": ""
  },
  {
    "Id": 148,
    "Name": "ORDER 282",
    "Point_from_id": 282,
    "Point_to_id": 75,
    "Cargo_weight": 20.0,
    "Cargo_volume": 0.0,
    "adjust_UnloadTw": false,
    "TimeToLoad": 90.0,
    "TimeStartLoad": [
      0.0
    ],
    "TimeEndLoad": [
      1307.0
    ],
    "TimeToUnload": 90.0,
    "TimeStartUnload": [
      0.0
    ],
    "TimeEndUnload": [
      1309.0
    ],
    "CostOfDelay": 0.0,
    "Skills": ""
  },
  {
    "Id": 149,
    "Name": "ORDER 283",
    "Point_from_id": 283,
    "Point_to_id": 158,
    "Cargo_weight": 20.0,
    "Cargo_volume": 0.0,
    "adjust_UnloadTw": false,
    "TimeToLoad": 90.0,
    "TimeStartLoad": [
      0.0
    ],
    "TimeEndLoad": [
      1301.0
    ],
    "TimeToUnload": 90.0,
    "TimeStartUnload": [
      0.0
    ],
    "TimeEndUnload": [
      1302.0
    ],
    "CostOfDelay": 0.0,
    "Skills": ""
  },
  {
    "Id": 150,
    "Name": "ORDER 284",
    "Point_from_id": 284,
    "Point_to_id": 356,
    "Cargo_weight": 20.0,
    "Cargo_volume": 0.0,
    "adjust_UnloadTw": false,
    "TimeToLoad": 90.0,
    "TimeStartLoad": [
      0.0
    ],
    "TimeEndLoad": [
      1343.0
    ],
    "TimeToUnload": 90.0,
    "TimeStartUnload": [
      0.0
    ],
    "TimeEndUnload": [
      1347.0
    ],
    "CostOfDelay": 0.0,
    "Skills": ""
  },
  {
    "Id": 151,
    "Name": "ORDER 287",
    "Point_from_id": 287,
    "Point_to_id": 108,
    "Cargo_weight": 30.0,
    "Cargo_volume": 0.0,
    "adjust_UnloadTw": false,
    "TimeToLoad": 90.0,
    "TimeStartLoad": [
      89.0
    ],
    "TimeEndLoad": [
      141.0
    ],
    "TimeToUnload": 90.0,
    "TimeStartUnload": [
      0.0
    ],
    "TimeEndUnload": [
      1318.0
    ],
    "CostOfDelay": 0.0,
    "Skills": ""
  },
  {
    "Id": 152,
    "Name": "ORDER 290",
    "Point_from_id": 290,
    "Point_to_id": 190,
    "Cargo_weight": 20.0,
    "Cargo_volume": 0.0,
    "adjust_UnloadTw": false,
    "TimeToLoad": 90.0,
    "TimeStartLoad": [
      0.0
    ],
    "TimeEndLoad": [
      1315.0
    ],
    "TimeToUnload": 90.0,
    "TimeStartUnload": [
      0.0
    ],
    "TimeEndUnload": [
      1327.0
    ],
    "CostOfDelay": 0.0,
    "Skills": ""
  },
  {
    "Id": 153,
    "Name": "ORDER 291",
    "Point_from_id": 291,
    "Point_to_id": 314,
    "Cargo_weight": 30.0,
    "Cargo_volume": 0.0,
    "adjust_UnloadTw": false,
    "TimeToLoad": 90.0,
    "TimeStartLoad": [
      0.0
    ],
    "TimeEndLoad": [
      1321.0
    ],
    "TimeToUnload": 90.0,
    "TimeStartUnload": [
      0.0
    ],
    "TimeEndUnload": [
      1317.0
    ],
    "CostOfDelay": 0.0,
    "Skills": ""
  },
  {
    "Id": 154,
    "Name": "ORDER 292",
    "Point_from_id": 292,
    "Point_to_id": 172,
    "Cargo_weight": 10.0,
    "Cargo_volume": 0.0,
    "adjust_UnloadTw": false,
    "TimeToLoad": 90.0,
    "TimeStartLoad": [
      0.0
    ],
    "TimeEndLoad": [
      1314.0
    ],
    "TimeToUnload": 90.0,
    "TimeStartUnload": [
      0.0
    ],
    "TimeEndUnload": [
      1309.0
    ],
    "CostOfDelay": 0.0,
    "Skills": ""
  },
  {
    "Id": 155,
    "Name": "ORDER 293",
    "Point_from_id": 293,
    "Point_to_id": 53,
    "Cargo_weight": 20.0,
    "Cargo_volume": 0.0,
    "adjust_UnloadTw": false,
    "TimeToLoad": 90.0,
    "TimeStartLoad": [
      0.0
    ],
    "TimeEndLoad": [
      1322.0
    ],
    "TimeToUnload": 90.0,
    "TimeStartUnload": [
      0.0
    ],
    "TimeEndUnload": [
      1325.0
    ],
    "CostOfDelay": 0.0,
    "Skills": ""
  },
  {
    "Id": 156,
    "Name": "ORDER 296",
    "Point_from_id": 296,
    "Point_to_id": 60,
    "Cargo_weight": 20.0,
    "Cargo_volume": 0.0,
    "adjust_UnloadTw": false,
    "TimeToLoad": 90.0,
    "TimeStartLoad": [
      0.0
    ],
    "TimeEndLoad": [
      1325.0
    ],
    "TimeToUnload": 90.0,
    "TimeStartUnload": [
      0.0
    ],
    "TimeEndUnload": [
      1324.0
    ],
    "CostOfDelay": 0.0,
    "Skills": ""
  },
  {
    "Id": 157,
    "Name": "ORDER 298",
    "Point_from_id": 298,
    "Point_to_id": 99,
    "Cargo_weight": 30.0,
    "Cargo_volume": 0.0,
    "adjust_UnloadTw": false,
    "TimeToLoad": 90.0,
    "TimeStartLoad": [
      159.0
    ],
    "TimeEndLoad": [
      215.0
    ],
    "TimeToUnload": 90.0,
    "TimeStartUnload": [
      0.0
    ],
    "TimeEndUnload": [
      1380.0
    ],
    "CostOfDelay": 0.0,
    "Skills": ""
  },
  {
    "Id": 158,
    "Name": "ORDER 299",
    "Point_from_id": 299,
    "Point_to_id": 305,
    "Cargo_weight": 20.0,
    "Cargo_volume": 0.0,
    "adjust_UnloadTw": false,
    "TimeToLoad": 90.0,
    "TimeStartLoad": [
      0.0
    ],
    "TimeEndLoad": [
      1351.0
    ],
    "TimeToUnload": 90.0,
    "TimeStartUnload": [
      0.0
    ],
    "TimeEndUnload": [
      1352.0
    ],
    "CostOfDelay": 0.0,
    "Skills": ""
  },
  {
    "Id": 159,
    "Name": "ORDER 301",
    "Point_from_id": 301,
    "Point_to_id": 91,
    "Cargo_weight": 20.0,
    "Cargo_volume": 0.0,
    "adjust_UnloadTw": false,
    "TimeToLoad": 90.0,
    "TimeStartLoad": [
      48.0
    ],
    "TimeEndLoad": [
      123.0
    ],
    "TimeToUnload": 90.0,
    "TimeStartUnload": [
      0.0
    ],
    "TimeEndUnload": [
      1362.0
    ],
    "CostOfDelay": 0.0,
    "Skills": ""
  },
  {
    "Id": 160,
    "Name": "ORDER 303",
    "Point_from_id": 303,
    "Point_to_id": 199,
    "Cargo_weight": 20.0,
    "Cargo_volume": 0.0,
    "adjust_UnloadTw": false,
    "TimeToLoad": 90.0,
    "TimeStartLoad": [
      94.0
    ],
    "TimeEndLoad": [
      156.0
    ],
    "TimeToUnload": 90.0,
    "TimeStartUnload": [
      242.0
    ],
    "TimeEndUnload": [
      303.0
    ],
    "CostOfDelay": 0.0,
    "Skills": ""
  },
  {
    "Id": 161,
    "Name": "ORDER 304",
    "Point_from_id": 304,
    "Point_to_id": 409,
    "Cargo_weight": 20.0,
    "Cargo_volume": 0.0,
    "adjust_UnloadTw": false,
    "TimeToLoad": 0.0,
    "TimeStartLoad": [
      0.0
    ],
    "TimeEndLoad": [
      1326.0
    ],
    "TimeToUnload": 90.0,
    "TimeStartUnload": [
      0.0
    ],
    "TimeEndUnload": [
      1326.0
    ],
    "CostOfDelay": 0.0,
    "Skills": ""
  },
  {
    "Id": 162,
    "Name": "ORDER 306",
    "Point_from_id": 306,
    "Point_to_id": 377,
    "Cargo_weight": 20.0,
    "Cargo_volume": 0.0,
    "adjust_UnloadTw": false,
    "TimeToLoad": 90.0,
    "TimeStartLoad": [
      0.0
    ],
    "TimeEndLoad": [
      1323.0
    ],
    "TimeToUnload": 90.0,
    "TimeStartUnload": [
      607.0
    ],
    "TimeEndUnload": [
      675.0
    ],
    "CostOfDelay": 0.0,
    "Skills": ""
  },
  {
    "Id": 163,
    "Name": "ORDER 308",
    "Point_from_id": 308,
    "Point_to_id": 165,
    "Cargo_weight": 20.0,
    "Cargo_volume": 0.0,
    "adjust_UnloadTw": false,
    "TimeToLoad": 90.0,
    "TimeStartLoad": [
      0.0
    ],
    "TimeEndLoad": [
      1350.0
    ],
    "TimeToUnload": 90.0,
    "TimeStartUnload": [
      0.0
    ],
    "TimeEndUnload": [
      1349.0
    ],
    "CostOfDelay": 0.0,
    "Skills": ""
  },
  {
    "Id": 164,
    "Name": "ORDER 309",
    "Point_from_id": 309,
    "Point_to_id": 118,
    "Cargo_weight": 10.0,
    "Cargo_volume": 0.0,
    "adjust_UnloadTw": false,
    "TimeToLoad": 90.0,
    "TimeStartLoad": [
      0.0
    ],
    "TimeEndLoad": [
      1343.0
    ],
    "TimeToUnload": 90.0,
    "TimeStartUnload": [
      0.0
    ],
    "TimeEndUnload": [
      1341.0
    ],
    "CostOfDelay": 0.0,
    "Skills": ""
  },
  {
    "Id": 165,
    "Name": "ORDER 313",
    "Point_from_id": 313,
    "Point_to_id": 407,
    "Cargo_weight": 30.0,
    "Cargo_volume": 0.0,
    "adjust_UnloadTw": false,
    "TimeToLoad": 0.0,
    "TimeStartLoad": [
      981.0
    ],
    "TimeEndLoad": [
      1050.0
    ],
    "TimeToUnload": 90.0,
    "TimeStartUnload": [
      981.0
    ],
    "TimeEndUnload": [
      1050.0
    ],
    "CostOfDelay": 0.0,
    "Skills": ""
  },
  {
    "Id": 166,
    "Name": "ORDER 315",
    "Point_from_id": 315,
    "Point_to_id": 120,
    "Cargo_weight": 10.0,
    "Cargo_volume": 0.0,
    "adjust_UnloadTw": false,
    "TimeToLoad": 90.0,
    "TimeStartLoad": [
      0.0
    ],
    "TimeEndLoad": [
      1345.0
    ],
    "TimeToUnload": 90.0,
    "TimeStartUnload": [
      618.0
    ],
    "TimeEndUnload": [
      675.0
    ],
    "CostOfDelay": 0.0,
    "Skills": ""
  },
  {
    "Id": 167,
    "Name": "ORDER 316",
    "Point_from_id": 316,
    "Point_to_id": 134,
    "Cargo_weight": 10.0,
    "Cargo_volume": 0.0,
    "adjust_UnloadTw": false,
    "TimeToLoad": 90.0,
    "TimeStartLoad": [
      0.0
    ],
    "TimeEndLoad": [
      1322.0
    ],
    "TimeToUnload": 90.0,
    "TimeStartUnload": [
      0.0
    ],
    "TimeEndUnload": [
      1345.0
    ],
    "CostOfDelay": 0.0,
    "Skills": ""
  },
  {
    "Id": 168,
    "Name": "ORDER 320",
    "Point_from_id": 320,
    "Point_to_id": 227,
    "Cargo_weight": 10.0,
    "Cargo_volume": 0.0,
    "adjust_UnloadTw": false,
    "TimeToLoad": 90.0,
    "TimeStartLoad": [
      724.0
    ],
    "TimeEndLoad": [
      771.0
    ],
    "TimeToUnload": 90.0,
    "TimeStartUnload": [
      0.0
    ],
    "TimeEndUnload": [
      1307.0
    ],
    "CostOfDelay": 0.0,
    "Skills": ""
  },
  {
    "Id": 169,
    "Name": "ORDER 321",
    "Point_from_id": 321,
    "Point_to_id": 15,
    "Cargo_weight": 20.0,
    "Cargo_volume": 0.0,
    "adjust_UnloadTw": false,
    "TimeToLoad": 90.0,
    "TimeStartLoad": [
      0.0
    ],
    "TimeEndLoad": [
      1347.0
    ],
    "TimeToUnload": 90.0,
    "TimeStartUnload": [
      0.0
    ],
    "TimeEndUnload": [
      1386.0
    ],
    "CostOfDelay": 0.0,
    "Skills": ""
  },
  {
    "Id": 170,
    "Name": "ORDER 322",
    "Point_from_id": 322,
    "Point_to_id": 205,
    "Cargo_weight": 30.0,
    "Cargo_volume": 0.0,
    "adjust_UnloadTw": false,
    "TimeToLoad": 90.0,
    "TimeStartLoad": [
      81.0
    ],
    "TimeEndLoad": [
      166.0
    ],
    "TimeToUnload": 90.0,
    "TimeStartUnload": [
      0.0
    ],
    "TimeEndUnload": [
      1313.0
    ],
    "CostOfDelay": 0.0,
    "Skills": ""
  },
  {
    "Id": 171,
    "Name": "ORDER 330",
    "Point_from_id": 330,
    "Point_to_id": 337,
    "Cargo_weight": 20.0,
    "Cargo_volume": 0.0,
    "adjust_UnloadTw": false,
    "TimeToLoad": 90.0,
    "TimeStartLoad": [
      369.0
    ],
    "TimeEndLoad": [
      410.0
    ],
    "TimeToUnload": 90.0,
    "TimeStartUnload": [
      0.0
    ],
    "TimeEndUnload": [
      1295.0
    ],
    "CostOfDelay": 0.0,
    "Skills": ""
  },
  {
    "Id": 172,
    "Name": "ORDER 332",
    "Point_from_id": 332,
    "Point_to_id": 339,
    "Cargo_weight": 20.0,
    "Cargo_volume": 0.0,
    "adjust_UnloadTw": false,
    "TimeToLoad": 90.0,
    "TimeStartLoad": [
      55.0
    ],
    "TimeEndLoad": [
      111.0
    ],
    "TimeToUnload": 90.0,
    "TimeStartUnload": [
      0.0
    ],
    "TimeEndUnload": [
      1349.0
    ],
    "CostOfDelay": 0.0,
    "Skills": ""
  },
  {
    "Id": 173,
    "Name": "ORDER 334",
    "Point_from_id": 334,
    "Point_to_id": 297,
    "Cargo_weight": 30.0,
    "Cargo_volume": 0.0,
    "adjust_UnloadTw": false,
    "TimeToLoad": 90.0,
    "TimeStartLoad": [
      0.0
    ],
    "TimeEndLoad": [
      1323.0
    ],
    "TimeToUnload": 90.0,
    "TimeStartUnload": [
      735.0
    ],
    "TimeEndUnload": [
      797.0
    ],
    "CostOfDelay": 0.0,
    "Skills": ""
  },
  {
    "Id": 174,
    "Name": "ORDER 338",
    "Point_from_id": 338,
    "Point_to_id": 382,
    "Cargo_weight": 10.0,
    "Cargo_volume": 0.0,
    "adjust_UnloadTw": false,
    "TimeToLoad": 90.0,
    "TimeStartLoad": [
      0.0
    ],
    "TimeEndLoad": [
      1308.0
    ],
    "TimeToUnload": 90.0,
    "TimeStartUnload": [
      0.0
    ],
    "TimeEndUnload": [
      1307.0
    ],
    "CostOfDelay": 0.0,
    "Skills": ""
  },
  {
    "Id": 175,
    "Name": "ORDER 344",
    "Point_from_id": 344,
    "Point_to_id": 130,
    "Cargo_weight": 20.0,
    "Cargo_volume": 0.0,
    "adjust_UnloadTw": false,
    "TimeToLoad": 90.0,
    "TimeStartLoad": [
      0.0
    ],
    "TimeEndLoad": [
      1361.0
    ],
    "TimeToUnload": 90.0,
    "TimeStartUnload": [
      0.0
    ],
    "TimeEndUnload": [
      1363.0
    ],
    "CostOfDelay": 0.0,
    "Skills": ""
  },
  {
    "Id": 176,
    "Name": "ORDER 345",
    "Point_from_id": 345,
    "Point_to_id": 250,
    "Cargo_weight": 30.0,
    "Cargo_volume": 0.0,
    "adjust_UnloadTw": false,
    "TimeToLoad": 90.0,
    "TimeStartLoad": [
      0.0
    ],
    "TimeEndLoad": [
      1294.0
    ],
    "TimeToUnload": 90.0,
    "TimeStartUnload": [
      0.0
    ],
    "TimeEndUnload": [
      1304.0
    ],
    "CostOfDelay": 0.0,
    "Skills": ""
  },
  {
    "Id": 177,
    "Name": "ORDER 348",
    "Point_from_id": 348,
    "Point_to_id": 24,
    "Cargo_weight": 30.0,
    "Cargo_volume": 0.0,
    "adjust_UnloadTw": false,
    "TimeToLoad": 90.0,
    "TimeStartLoad": [
      237.0
    ],
    "TimeEndLoad": [
      301.0
    ],
    "TimeToUnload": 90.0,
    "TimeStartUnload": [
      0.0
    ],
    "TimeEndUnload": [
      1312.0
    ],
    "CostOfDelay": 0.0,
    "Skills": ""
  },
  {
    "Id": 178,
    "Name": "ORDER 349",
    "Point_from_id": 349,
    "Point_to_id": 415,
    "Cargo_weight": 20.0,
    "Cargo_volume": 0.0,
    "adjust_UnloadTw": false,
    "TimeToLoad": 0.0,
    "TimeStartLoad": [
      0.0
    ],
    "TimeEndLoad": [
      1362.0
    ],
    "TimeToUnload": 90.0,
    "TimeStartUnload": [
      0.0
    ],
    "TimeEndUnload": [
      1362.0
    ],
    "CostOfDelay": 0.0,
    "Skills": ""
  },
  {
    "Id": 179,
    "Name": "ORDER 351",
    "Point_from_id": 351,
    "Point_to_id": 55,
    "Cargo_weight": 10.0,
    "Cargo_volume": 0.0,
    "adjust_UnloadTw": false,
    "TimeToLoad": 90.0,
    "TimeStartLoad": [
      0.0
    ],
    "TimeEndLoad": [
      1345.0
    ],
    "TimeToUnload": 90.0,
    "TimeStartUnload": [
      0.0
    ],
    "TimeEndUnload": [
      1320.0
    ],
    "CostOfDelay": 0.0,
    "Skills": ""
  },
  {
    "Id": 180,
    "Name": "ORDER 353",
    "Point_from_id": 353,
    "Point_to_id": 354,
    "Cargo_weight": 40.0,
    "Cargo_volume": 0.0,
    "adjust_UnloadTw": false,
    "TimeToLoad": 90.0,
    "TimeStartLoad": [
      0.0
    ],
    "TimeEndLoad": [
      1331.0
    ],
    "TimeToUnload": 90.0,
    "TimeStartUnload": [
      0.0
    ],
    "TimeEndUnload": [
      1385.0
    ],
    "CostOfDelay": 0.0,
    "Skills": ""
  },
  {
    "Id": 181,
    "Name": "ORDER 355",
    "Point_from_id": 355,
    "Point_to_id": 289,
    "Cargo_weight": 10.0,
    "Cargo_volume": 0.0,
    "adjust_UnloadTw": false,
    "TimeToLoad": 90.0,
    "TimeStartLoad": [
      0.0
    ],
    "TimeEndLoad": [
      1306.0
    ],
    "TimeToUnload": 90.0,
    "TimeStartUnload": [
      0.0
    ],
    "TimeEndUnload": [
      1300.0
    ],
    "CostOfDelay": 0.0,
    "Skills": ""
  },
  {
    "Id": 182,
    "Name": "ORDER 357",
    "Point_from_id": 357,
    "Point_to_id": 327,
    "Cargo_weight": 20.0,
    "Cargo_volume": 0.0,
    "adjust_UnloadTw": false,
    "TimeToLoad": 90.0,
    "TimeStartLoad": [
      0.0
    ],
    "TimeEndLoad": [
      1317.0
    ],
    "TimeToUnload": 90.0,
    "TimeStartUnload": [
      0.0
    ],
    "TimeEndUnload": [
      1318.0
    ],
    "CostOfDelay": 0.0,
    "Skills": ""
  },
  {
    "Id": 183,
    "Name": "ORDER 358",
    "Point_from_id": 358,
    "Point_to_id": 285,
    "Cargo_weight": 20.0,
    "Cargo_volume": 0.0,
    "adjust_UnloadTw": false,
    "TimeToLoad": 90.0,
    "TimeStartLoad": [
      0.0
    ],
    "TimeEndLoad": [
      1315.0
    ],
    "TimeToUnload": 90.0,
    "TimeStartUnload": [
      0.0
    ],
    "TimeEndUnload": [
      1318.0
    ],
    "CostOfDelay": 0.0,
    "Skills": ""
  },
  {
    "Id": 184,
    "Name": "ORDER 360",
    "Point_from_id": 360,
    "Point_to_id": 198,
    "Cargo_weight": 30.0,
    "Cargo_volume": 0.0,
    "adjust_UnloadTw": false,
    "TimeToLoad": 90.0,
    "TimeStartLoad": [
      0.0
    ],
    "TimeEndLoad": [
      1351.0
    ],
    "TimeToUnload": 90.0,
    "TimeStartUnload": [
      0.0
    ],
    "TimeEndUnload": [
      1344.0
    ],
    "CostOfDelay": 0.0,
    "Skills": ""
  },
  {
    "Id": 185,
    "Name": "ORDER 362",
    "Point_from_id": 362,
    "Point_to_id": 239,
    "Cargo_weight": 10.0,
    "Cargo_volume": 0.0,
    "adjust_UnloadTw": false,
    "TimeToLoad": 90.0,
    "TimeStartLoad": [
      0.0
    ],
    "TimeEndLoad": [
      1318.0
    ],
    "TimeToUnload": 90.0,
    "TimeStartUnload": [
      703.0
    ],
    "TimeEndUnload": [
      774.0
    ],
    "CostOfDelay": 0.0,
    "Skills": ""
  },
  {
    "Id": 186,
    "Name": "ORDER 366",
    "Point_from_id": 366,
    "Point_to_id": 3,
    "Cargo_weight": 30.0,
    "Cargo_volume": 0.0,
    "adjust_UnloadTw": false,
    "TimeToLoad": 90.0,
    "TimeStartLoad": [
      0.0
    ],
    "TimeEndLoad": [
      1388.0
    ],
    "TimeToUnload": 90.0,
    "TimeStartUnload": [
      0.0
    ],
    "TimeEndUnload": [
      1388.0
    ],
    "CostOfDelay": 0.0,
    "Skills": ""
  },
  {
    "Id": 187,
    "Name": "ORDER 368",
    "Point_from_id": 368,
    "Point_to_id": 311,
    "Cargo_weight": 20.0,
    "Cargo_volume": 0.0,
    "adjust_UnloadTw": false,
    "TimeToLoad": 90.0,
    "TimeStartLoad": [
      642.0
    ],
    "TimeEndLoad": [
      703.0
    ],
    "TimeToUnload": 90.0,
    "TimeStartUnload": [
      0.0
    ],
    "TimeEndUnload": [
      1389.0
    ],
    "CostOfDelay": 0.0,
    "Skills": ""
  },
  {
    "Id": 188,
    "Name": "ORDER 369",
    "Point_from_id": 369,
    "Point_to_id": 110,
    "Cargo_weight": 20.0,
    "Cargo_volume": 0.0,
    "adjust_UnloadTw": false,
    "TimeToLoad": 90.0,
    "TimeStartLoad": [
      0.0
    ],
    "TimeEndLoad": [
      1305.0
    ],
    "TimeToUnload": 90.0,
    "TimeStartUnload": [
      715.0
    ],
    "TimeEndUnload": [
      779.0
    ],
    "CostOfDelay": 0.0,
    "Skills": ""
  },
  {
    "Id": 189,
    "Name": "ORDER 370",
    "Point_from_id": 370,
    "Point_to_id": 240,
    "Cargo_weight": 30.0,
    "Cargo_volume": 0.0,
    "adjust_UnloadTw": false,
    "TimeToLoad": 90.0,
    "TimeStartLoad": [
      0.0
    ],
    "TimeEndLoad": [
      1324.0
    ],
    "TimeToUnload": 90.0,
    "TimeStartUnload": [
      0.0
    ],
    "TimeEndUnload": [
      1331.0
    ],
    "CostOfDelay": 0.0,
    "Skills": ""
  },
  {
    "Id": 190,
    "Name": "ORDER 371",
    "Point_from_id": 371,
    "Point_to_id": 401,
    "Cargo_weight": 10.0,
    "Cargo_volume": 0.0,
    "adjust_UnloadTw": false,
    "TimeToLoad": 0.0,
    "TimeStartLoad": [
      0.0
    ],
    "TimeEndLoad": [
      1324.0
    ],
    "TimeToUnload": 90.0,
    "TimeStartUnload": [
      0.0
    ],
    "TimeEndUnload": [
      1324.0
    ],
    "CostOfDelay": 0.0,
    "Skills": ""
  },
  {
    "Id": 191,
    "Name": "ORDER 374",
    "Point_from_id": 374,
    "Point_to_id": 276,
    "Cargo_weight": 10.0,
    "Cargo_volume": 0.0,
    "adjust_UnloadTw": false,
    "TimeToLoad": 90.0,
    "TimeStartLoad": [
      0.0
    ],
    "TimeEndLoad": [
      1316.0
    ],
    "TimeToUnload": 90.0,
    "TimeStartUnload": [
      893.0
    ],
    "TimeEndUnload": [
      958.0
    ],
    "CostOfDelay": 0.0,
    "Skills": ""
  },
  {
    "Id": 192,
    "Name": "ORDER 375",
    "Point_from_id": 375,
    "Point_to_id": 29,
    "Cargo_weight": 20.0,
    "Cargo_volume": 0.0,
    "adjust_UnloadTw": false,
    "TimeToLoad": 90.0,
    "TimeStartLoad": [
      87.0
    ],
    "TimeEndLoad": [
      155.0
    ],
    "TimeToUnload": 90.0,
    "TimeStartUnload": [
      188.0
    ],
    "TimeEndUnload": [
      271.0
    ],
    "CostOfDelay": 0.0,
    "Skills": ""
  },
  {
    "Id": 193,
    "Name": "ORDER 376",
    "Point_from_id": 376,
    "Point_to_id": 406,
    "Cargo_weight": 20.0,
    "Cargo_volume": 0.0,
    "adjust_UnloadTw": false,
    "TimeToLoad": 0.0,
    "TimeStartLoad": [
      0.0
    ],
    "TimeEndLoad": [
      1329.0
    ],
    "TimeToUnload": 90.0,
    "TimeStartUnload": [
      0.0
    ],
    "TimeEndUnload": [
      1329.0
    ],
    "CostOfDelay": 0.0,
    "Skills": ""
  },
  {
    "Id": 194,
    "Name": "ORDER 378",
    "Point_from_id": 378,
    "Point_to_id": 268,
    "Cargo_weight": 30.0,
    "Cargo_volume": 0.0,
    "adjust_UnloadTw": false,
    "TimeToLoad": 90.0,
    "TimeStartLoad": [
      0.0
    ],
    "TimeEndLoad": [
      1353.0
    ],
    "TimeToUnload": 90.0,
    "TimeStartUnload": [
      497.0
    ],
    "TimeEndUnload": [
      556.0
    ],
    "CostOfDelay": 0.0,
    "Skills": ""
  },
  {
    "Id": 195,
    "Name": "ORDER 379",
    "Point_from_id": 379,
    "Point_to_id": 81,
    "Cargo_weight": 20.0,
    "Cargo_volume": 0.0,
    "adjust_UnloadTw": false,
    "TimeToLoad": 90.0,
    "TimeStartLoad": [
      506.0
    ],
    "TimeEndLoad": [
      582.0
    ],
    "TimeToUnload": 90.0,
    "TimeStartUnload": [
      0.0
    ],
    "TimeEndUnload": [
      1338.0
    ],
    "CostOfDelay": 0.0,
    "Skills": ""
  },
  {
    "Id": 196,
    "Name": "ORDER 380",
    "Point_from_id": 380,
    "Point_to_id": 405,
    "Cargo_weight": 10.0,
    "Cargo_volume": 0.0,
    "adjust_UnloadTw": false,
    "TimeToLoad": 0.0,
    "TimeStartLoad": [
      255.0
    ],
    "TimeEndLoad": [
      306.0
    ],
    "TimeToUnload": 90.0,
    "TimeStartUnload": [
      255.0
    ],
    "TimeEndUnload": [
      306.0
    ],
    "CostOfDelay": 0.0,
    "Skills": ""
  },
  {
    "Id": 197,
    "Name": "ORDER 381",
    "Point_from_id": 381,
    "Point_to_id": 21,
    "Cargo_weight": 10.0,
    "Cargo_volume": 0.0,
    "adjust_UnloadTw": false,
    "TimeToLoad": 90.0,
    "TimeStartLoad": [
      0.0
    ],
    "TimeEndLoad": [
      1343.0
    ],
    "TimeToUnload": 90.0,
    "TimeStartUnload": [
      682.0
    ],
    "TimeEndUnload": [
      748.0
    ],
    "CostOfDelay": 0.0,
    "Skills": ""
  },
  {
    "Id": 198,
    "Name": "ORDER 385",
    "Point_from_id": 385,
    "Point_to_id": 254,
    "Cargo_weight": 20.0,
    "Cargo_volume": 0.0,
    "adjust_UnloadTw": false,
    "TimeToLoad": 90.0,
    "TimeStartLoad": [
      0.0
    ],
    "TimeEndLoad": [
      1323.0
    ],
    "TimeToUnload": 90.0,
    "TimeStartUnload": [
      0.0
    ],
    "TimeEndUnload": [
      1316.0
    ],
    "CostOfDelay": 0.0,
    "Skills": ""
  },
  {
    "Id": 199,
    "Name": "ORDER 386",
    "Point_from_id": 386,
    "Point_to_id": 312,
    "Cargo_weight": 20.0,
    "Cargo_volume": 0.0,
    "adjust_UnloadTw": false,
    "TimeToLoad": 90.0,
    "TimeStartLoad": [
      0.0
    ],
    "TimeEndLoad": [
      1333.0
    ],
    "TimeToUnload": 90.0,
    "TimeStartUnload": [
      0.0
    ],
    "TimeEndUnload": [
      1336.0
    ],
    "CostOfDelay": 0.0,
    "Skills": ""
  },
  {
    "Id": 200,
    "Name": "ORDER 387",
    "Point_from_id": 387,
    "Point_to_id": 278,
    "Cargo_weight": 30.0,
    "Cargo_volume": 0.0,
    "adjust_UnloadTw": false,
    "TimeToLoad": 90.0,
    "TimeStartLoad": [
      78.0
    ],
    "TimeEndLoad": [
      138.0
    ],
    "TimeToUnload": 90.0,
    "TimeStartUnload": [
      0.0
    ],
    "TimeEndUnload": [
      1327.0
    ],
    "CostOfDelay": 0.0,
    "Skills": ""
  },
  {
    "Id": 201,
    "Name": "ORDER 388",
    "Point_from_id": 388,
    "Point_to_id": 263,
    "Cargo_weight": 20.0,
    "Cargo_volume": 0.0,
    "adjust_UnloadTw": false,
    "TimeToLoad": 90.0,
    "TimeStartLoad": [
      0.0
    ],
    "TimeEndLoad": [
      1321.0
    ],
    "TimeToUnload": 90.0,
    "TimeStartUnload": [
      0.0
    ],
    "TimeEndUnload": [
      1317.0
    ],
    "CostOfDelay": 0.0,
    "Skills": ""
  },
  {
    "Id": 202,
    "Name": "ORDER 389",
    "Point_from_id": 389,
    "Point_to_id": 116,
    "Cargo_weight": 30.0,
    "Cargo_volume": 0.0,
    "adjust_UnloadTw": false,
    "TimeToLoad": 90.0,
    "TimeStartLoad": [
      0.0
    ],
    "TimeEndLoad": [
      1301.0
    ],
    "TimeToUnload": 90.0,
    "TimeStartUnload": [
      452.0
    ],
    "TimeEndUnload": [
      498.0
    ],
    "CostOfDelay": 0.0,
    "Skills": ""
  },
  {
    "Id": 203,
    "Name": "ORDER 391",
    "Point_from_id": 391,
    "Point_to_id": 373,
    "Cargo_weight": 30.0,
    "Cargo_volume": 0.0,
    "adjust_UnloadTw": false,
    "TimeToLoad": 90.0,
    "TimeStartLoad": [
      0.0
    ],
    "TimeEndLoad": [
      1360.0
    ],
    "TimeToUnload": 90.0,
    "TimeStartUnload": [
      309.0
    ],
    "TimeEndUnload": [
      367.0
    ],
    "CostOfDelay": 0.0,
    "Skills": ""
  },
  {
    "Id": 204,
    "Name": "ORDER 395",
    "Point_from_id": 395,
    "Point_to_id": 272,
    "Cargo_weight": 10.0,
    "Cargo_volume": 0.0,
    "adjust_UnloadTw": false,
    "TimeToLoad": 90.0,
    "TimeStartLoad": [
      0.0
    ],
    "TimeEndLoad": [
      1328.0
    ],
    "TimeToUnload": 90.0,
    "TimeStartUnload": [
      0.0
    ],
    "TimeEndUnload": [
      1323.0
    ],
    "CostOfDelay": 0.0,
    "Skills": ""
  },
  {
    "Id": 205,
    "Name": "ORDER 396",
    "Point_from_id": 396,
    "Point_to_id": 251,
    "Cargo_weight": 10.0,
    "Cargo_volume": 0.0,
    "adjust_UnloadTw": false,
    "TimeToLoad": 90.0,
    "TimeStartLoad": [
      0.0
    ],
    "TimeEndLoad": [
      1313.0
    ],
    "TimeToUnload": 90.0,
    "TimeStartUnload": [
      719.0
    ],
    "TimeEndUnload": [
      768.0
    ],
    "CostOfDelay": 0.0,
    "Skills": ""
  },
  {
    "Id": 206,
    "Name": "ORDER 397",
    "Point_from_id": 397,
    "Point_to_id": 341,
    "Cargo_weight": 20.0,
    "Cargo_volume": 0.0,
    "adjust_UnloadTw": false,
    "TimeToLoad": 90.0,
    "TimeStartLoad": [
      0.0
    ],
    "TimeEndLoad": [
      1322.0
    ],
    "TimeToUnload": 90.0,
    "TimeStartUnload": [
      0.0
    ],
    "TimeEndUnload": [
      1315.0
    ],
    "CostOfDelay": 0.0,
    "Skills": ""
  },
  {
    "Id": 207,
    "Name": "ORDER 398",
    "Point_from_id": 398,
    "Point_to_id": 252,
    "Cargo_weight": 10.0,
    "Cargo_volume": 0.0,
    "adjust_UnloadTw": false,
    "TimeToLoad": 90.0,
    "TimeStartLoad": [
      0.0
    ],
    "TimeEndLoad": [
      1385.0
    ],
    "TimeToUnload": 90.0,
    "TimeStartUnload": [
      0.0
    ],
    "TimeEndUnload": [
      1324.0
    ],
    "CostOfDelay": 0.0,
    "Skills": ""
  },
  {
    "Id": 208,
    "Name": "ORDER 400",
    "Point_from_id": 400,
    "Point_to_id": 260,
    "Cargo_weight": 10.0,
    "Cargo_volume": 0.0,
    "adjust_UnloadTw": false,
    "TimeToLoad": 90.0,
    "TimeStartLoad": [
      0.0
    ],
    "TimeEndLoad": [
      1348.0
    ],
    "TimeToUnload": 90.0,
    "TimeStartUnload": [
      0.0
    ],
    "TimeEndUnload": [
      1352.0
    ],
    "CostOfDelay": 0.0,
    "Skills": ""
  }
]