[{"Id":0,"Name":"DEPOT","Info":"","Address":"","LatLng":""},{"Id":1,"Name":"CUSTOMER_1","Info":"","Address":"X=181 Y=172","LatLng":""},{"Id":2,"Name":"CUSTOMER_2","Info":"","Address":"X=154 Y=31","LatLng":""},{"Id":3,"Name":"CUSTOMER_3","Info":"","Address":"X=123 Y=106","LatLng":""},{"Id":4,"Name":"CUSTOMER_4","Info":"","Address":"X=23 Y=137","LatLng":""},{"Id":5,"Name":"CUSTOMER_5","Info":"","Address":"X=190 Y=28","LatLng":""},{"Id":6,"Name":"CUSTOMER_6","Info":"","Address":"X=8 Y=71","LatLng":""},{"Id":7,"Name":"CUSTOMER_7","Info":"","Address":"X=103 Y=130","LatLng":""},{"Id":8,"Name":"CUSTOMER_8","Info":"","Address":"X=62 Y=50","LatLng":""},{"Id":9,"Name":"CUSTOMER_9","Info":"","Address":"X=89 Y=161","LatLng":""},{"Id":10,"Name":"CUSTOMER_10","Info":"","Address":"X=117 Y=91","LatLng":""},{"Id":11,"Name":"CUSTOMER_11","Info":"","Address":"X=12 Y=156","LatLng":""},{"Id":12,"Name":"CUSTOMER_12","Info":"","Address":"X=88 Y=165","LatLng":""},{"Id":13,"Name":"CUSTOMER_13","Info":"","Address":"X=107 Y=125","LatLng":""},{"Id":14,"Name":"CUSTOMER_14","Info":"","Address":"X=8 Y=74","LatLng":""},{"Id":15,"Name":"CUSTOMER_15","Info":"","Address":"X=105 Y=125","LatLng":""},{"Id":16,"Name":"CUSTOMER_16","Info":"","Address":"X=118 Y=192","LatLng":""},{"Id":17,"Name":"CUSTOMER_17","Info":"","Address":"X=146 Y=11","LatLng":""},{"Id":18,"Name":"CUSTOMER_18","Info":"","Address":"X=93 Y=13","LatLng":""},{"Id":19,"Name":"CUSTOMER_19","Info":"","Address":"X=188 Y=125","LatLng":""},{"Id":20,"Name":"CUSTOMER_20","Info":"","Address":"X=87 Y=117","LatLng":""},{"Id":21,"Name":"CUSTOMER_21","Info":"","Address":"X=123 Y=31","LatLng":""},{"Id":22,"Name":"CUSTOMER_22","Info":"","Address":"X=121 Y=189","LatLng":""},{"Id":23,"Name":"CUSTOMER_23","Info":"","Address":"X=174 Y=128","LatLng":""},{"Id":24,"Name":"CUSTOMER_24","Info":"","Address":"X=197 Y=80","LatLng":""},{"Id":25,"Name":"CUSTOMER_25","Info":"","Address":"X=151 Y=165","LatLng":""},{"Id":26,"Name":"CUSTOMER_26","Info":"","Address":"X=140 Y=4","LatLng":""},{"Id":27,"Name":"CUSTOMER_27","Info":"","Address":"X=78 Y=184","LatLng":""},{"Id":28,"Name":"CUSTOMER_28","Info":"","Address":"X=96 Y=150","LatLng":""},{"Id":29,"Name":"CUSTOMER_29","Info":"","Address":"X=96 Y=147","LatLng":""},{"Id":30,"Name":"CUSTOMER_30","Info":"","Address":"X=149 Y=182","LatLng":""},{"Id":31,"Name":"CUSTOMER_31","Info":"","Address":"X=87 Y=191","LatLng":""},{"Id":32,"Name":"CUSTOMER_32","Info":"","Address":"X=189 Y=151","LatLng":""},{"Id":33,"Name":"CUSTOMER_33","Info":"","Address":"X=99 Y=144","LatLng":""},{"Id":34,"Name":"CUSTOMER_34","Info":"","Address":"X=64 Y=52","LatLng":""},{"Id":35,"Name":"CUSTOMER_35","Info":"","Address":"X=7 Y=151","LatLng":""},{"Id":36,"Name":"CUSTOMER_36","Info":"","Address":"X=151 Y=99","LatLng":""},{"Id":37,"Name":"CUSTOMER_37","Info":"","Address":"X=87 Y=118","LatLng":""},{"Id":38,"Name":"CUSTOMER_38","Info":"","Address":"X=179 Y=141","LatLng":""},{"Id":39,"Name":"CUSTOMER_39","Info":"","Address":"X=192 Y=151","LatLng":""},{"Id":40,"Name":"CUSTOMER_40","Info":"","Address":"X=143 Y=0","LatLng":""},{"Id":41,"Name":"CUSTOMER_41","Info":"","Address":"X=66 Y=58","LatLng":""},{"Id":42,"Name":"CUSTOMER_42","Info":"","Address":"X=122 Y=14","LatLng":""},{"Id":43,"Name":"CUSTOMER_43","Info":"","Address":"X=66 Y=52","LatLng":""},{"Id":44,"Name":"CUSTOMER_44","Info":"","Address":"X=173 Y=55","LatLng":""},{"Id":45,"Name":"CUSTOMER_45","Info":"","Address":"X=119 Y=37","LatLng":""},{"Id":46,"Name":"CUSTOMER_46","Info":"","Address":"X=199 Y=28","LatLng":""},{"Id":47,"Name":"CUSTOMER_47","Info":"","Address":"X=90 Y=161","LatLng":""},{"Id":48,"Name":"CUSTOMER_48","Info":"","Address":"X=36 Y=193","LatLng":""},{"Id":49,"Name":"CUSTOMER_49","Info":"","Address":"X=159 Y=160","LatLng":""},{"Id":50,"Name":"CUSTOMER_50","Info":"","Address":"X=194 Y=112","LatLng":""},{"Id":51,"Name":"CUSTOMER_51","Info":"","Address":"X=176 Y=173","LatLng":""},{"Id":52,"Name":"CUSTOMER_52","Info":"","Address":"X=117 Y=193","LatLng":""},{"Id":53,"Name":"CUSTOMER_53","Info":"","Address":"X=186 Y=96","LatLng":""},{"Id":54,"Name":"CUSTOMER_54","Info":"","Address":"X=39 Y=56","LatLng":""},{"Id":55,"Name":"CUSTOMER_55","Info":"","Address":"X=189 Y=120","LatLng":""},{"Id":56,"Name":"CUSTOMER_56","Info":"","Address":"X=29 Y=139","LatLng":""},{"Id":57,"Name":"CUSTOMER_57","Info":"","Address":"X=37 Y=190","LatLng":""},{"Id":58,"Name":"CUSTOMER_58","Info":"","Address":"X=165 Y=117","LatLng":""},{"Id":59,"Name":"CUSTOMER_59","Info":"","Address":"X=16 Y=84","LatLng":""},{"Id":60,"Name":"CUSTOMER_60","Info":"","Address":"X=187 Y=97","LatLng":""},{"Id":61,"Name":"CUSTOMER_61","Info":"","Address":"X=10 Y=153","LatLng":""},{"Id":62,"Name":"CUSTOMER_62","Info":"","Address":"X=194 Y=149","LatLng":""},{"Id":63,"Name":"CUSTOMER_63","Info":"","Address":"X=187 Y=112","LatLng":""},{"Id":64,"Name":"CUSTOMER_64","Info":"","Address":"X=103 Y=70","LatLng":""},{"Id":65,"Name":"CUSTOMER_65","Info":"","Address":"X=193 Y=159","LatLng":""},{"Id":66,"Name":"CUSTOMER_66","Info":"","Address":"X=77 Y=115","LatLng":""},{"Id":67,"Name":"CUSTOMER_67","Info":"","Address":"X=190 Y=154","LatLng":""},{"Id":68,"Name":"CUSTOMER_68","Info":"","Address":"X=3 Y=75","LatLng":""},{"Id":69,"Name":"CUSTOMER_69","Info":"","Address":"X=17 Y=93","LatLng":""},{"Id":70,"Name":"CUSTOMER_70","Info":"","Address":"X=151 Y=167","LatLng":""},{"Id":71,"Name":"CUSTOMER_71","Info":"","Address":"X=12 Y=85","LatLng":""},{"Id":72,"Name":"CUSTOMER_72","Info":"","Address":"X=120 Y=11","LatLng":""},{"Id":73,"Name":"CUSTOMER_73","Info":"","Address":"X=140 Y=181","LatLng":""},{"Id":74,"Name":"CUSTOMER_74","Info":"","Address":"X=6 Y=67","LatLng":""},{"Id":75,"Name":"CUSTOMER_75","Info":"","Address":"X=137 Y=4","LatLng":""},{"Id":76,"Name":"CUSTOMER_76","Info":"","Address":"X=103 Y=124","LatLng":""},{"Id":77,"Name":"CUSTOMER_77","Info":"","Address":"X=10 Y=67","LatLng":""},{"Id":78,"Name":"CUSTOMER_78","Info":"","Address":"X=48 Y=30","LatLng":""},{"Id":79,"Name":"CUSTOMER_79","Info":"","Address":"X=53 Y=67","LatLng":""},{"Id":80,"Name":"CUSTOMER_80","Info":"","Address":"X=164 Y=113","LatLng":""},{"Id":81,"Name":"CUSTOMER_81","Info":"","Address":"X=47 Y=49","LatLng":""},{"Id":82,"Name":"CUSTOMER_82","Info":"","Address":"X=187 Y=92","LatLng":""},{"Id":83,"Name":"CUSTOMER_83","Info":"","Address":"X=121 Y=115","LatLng":""},{"Id":84,"Name":"CUSTOMER_84","Info":"","Address":"X=46 Y=51","LatLng":""},{"Id":85,"Name":"CUSTOMER_85","Info":"","Address":"X=144 Y=189","LatLng":""},{"Id":86,"Name":"CUSTOMER_86","Info":"","Address":"X=180 Y=93","LatLng":""},{"Id":87,"Name":"CUSTOMER_87","Info":"","Address":"X=152 Y=168","LatLng":""},{"Id":88,"Name":"CUSTOMER_88","Info":"","Address":"X=117 Y=95","LatLng":""},{"Id":89,"Name":"CUSTOMER_89","Info":"","Address":"X=195 Y=25","LatLng":""},{"Id":90,"Name":"CUSTOMER_90","Info":"","Address":"X=108 Y=168","LatLng":""},{"Id":91,"Name":"CUSTOMER_91","Info":"","Address":"X=149 Y=103","LatLng":""},{"Id":92,"Name":"CUSTOMER_92","Info":"","Address":"X=60 Y=58","LatLng":""},{"Id":93,"Name":"CUSTOMER_93","Info":"","Address":"X=197 Y=79","LatLng":""},{"Id":94,"Name":"CUSTOMER_94","Info":"","Address":"X=39 Y=58","LatLng":""},{"Id":95,"Name":"CUSTOMER_95","Info":"","Address":"X=147 Y=186","LatLng":""},{"Id":96,"Name":"CUSTOMER_96","Info":"","Address":"X=154 Y=163","LatLng":""},{"Id":97,"Name":"CUSTOMER_97","Info":"","Address":"X=96 Y=128","LatLng":""},{"Id":98,"Name":"CUSTOMER_98","Info":"","Address":"X=30 Y=187","LatLng":""},{"Id":99,"Name":"CUSTOMER_99","Info":"","Address":"X=123 Y=121","LatLng":""},{"Id":100,"Name":"CUSTOMER_100","Info":"","Address":"X=104 Y=68","LatLng":""},{"Id":101,"Name":"CUSTOMER_101","Info":"","Address":"X=102 Y=128","LatLng":""},{"Id":102,"Name":"CUSTOMER_102","Info":"","Address":"X=18 Y=89","LatLng":""},{"Id":103,"Name":"CUSTOMER_103","Info":"","Address":"X=197 Y=77","LatLng":""},{"Id":104,"Name":"CUSTOMER_104","Info":"","Address":"X=156 Y=11","LatLng":""},{"Id":105,"Name":"CUSTOMER_105","Info":"","Address":"X=144 Y=33","LatLng":""},{"Id":106,"Name":"CUSTOMER_106","Info":"","Address":"X=101 Y=67","LatLng":""},{"Id":107,"Name":"CUSTOMER_107","Info":"","Address":"X=159 Y=121","LatLng":""},{"Id":108,"Name":"CUSTOMER_108","Info":"","Address":"X=84 Y=192","LatLng":""},{"Id":109,"Name":"CUSTOMER_109","Info":"","Address":"X=139 Y=7","LatLng":""},{"Id":110,"Name":"CUSTOMER_110","Info":"","Address":"X=7 Y=152","LatLng":""},{"Id":111,"Name":"CUSTOMER_111","Info":"","Address":"X=181 Y=147","LatLng":""},{"Id":112,"Name":"CUSTOMER_112","Info":"","Address":"X=104 Y=170","LatLng":""},{"Id":113,"Name":"CUSTOMER_113","Info":"","Address":"X=13 Y=81","LatLng":""},{"Id":114,"Name":"CUSTOMER_114","Info":"","Address":"X=172 Y=57","LatLng":""},{"Id":115,"Name":"CUSTOMER_115","Info":"","Address":"X=80 Y=108","LatLng":""},{"Id":116,"Name":"CUSTOMER_116","Info":"","Address":"X=180 Y=171","LatLng":""},{"Id":117,"Name":"CUSTOMER_117","Info":"","Address":"X=146 Y=3","LatLng":""},{"Id":118,"Name":"CUSTOMER_118","Info":"","Address":"X=123 Y=33","LatLng":""},{"Id":119,"Name":"CUSTOMER_119","Info":"","Address":"X=127 Y=8","LatLng":""},{"Id":120,"Name":"CUSTOMER_120","Info":"","Address":"X=185 Y=115","LatLng":""},{"Id":121,"Name":"CUSTOMER_121","Info":"","Address":"X=192 Y=113","LatLng":""},{"Id":122,"Name":"CUSTOMER_122","Info":"","Address":"X=194 Y=75","LatLng":""},{"Id":123,"Name":"CUSTOMER_123","Info":"","Address":"X=135 Y=0","LatLng":""},{"Id":124,"Name":"CUSTOMER_124","Info":"","Address":"X=157 Y=30","LatLng":""},{"Id":125,"Name":"CUSTOMER_125","Info":"","Address":"X=53 Y=29","LatLng":""},{"Id":126,"Name":"CUSTOMER_126","Info":"","Address":"X=85 Y=110","LatLng":""},{"Id":127,"Name":"CUSTOMER_127","Info":"","Address":"X=182 Y=171","LatLng":""},{"Id":128,"Name":"CUSTOMER_128","Info":"","Address":"X=79 Y=193","LatLng":""},{"Id":129,"Name":"CUSTOMER_129","Info":"","Address":"X=181 Y=52","LatLng":""},{"Id":130,"Name":"CUSTOMER_130","Info":"","Address":"X=148 Y=103","LatLng":""},{"Id":131,"Name":"CUSTOMER_131","Info":"","Address":"X=190 Y=109","LatLng":""},{"Id":132,"Name":"CUSTOMER_132","Info":"","Address":"X=119 Y=188","LatLng":""},{"Id":133,"Name":"CUSTOMER_133","Info":"","Address":"X=197 Y=140","LatLng":""},{"Id":134,"Name":"CUSTOMER_134","Info":"","Address":"X=162 Y=123","LatLng":""},{"Id":135,"Name":"CUSTOMER_135","Info":"","Address":"X=102 Y=170","LatLng":""},{"Id":136,"Name":"CUSTOMER_136","Info":"","Address":"X=120 Y=198","LatLng":""},{"Id":137,"Name":"CUSTOMER_137","Info":"","Address":"X=175 Y=50","LatLng":""},{"Id":138,"Name":"CUSTOMER_138","Info":"","Address":"X=23 Y=142","LatLng":""},{"Id":139,"Name":"CUSTOMER_139","Info":"","Address":"X=149 Y=99","LatLng":""},{"Id":140,"Name":"CUSTOMER_140","Info":"","Address":"X=102 Y=174","LatLng":""},{"Id":141,"Name":"CUSTOMER_141","Info":"","Address":"X=30 Y=142","LatLng":""},{"Id":142,"Name":"CUSTOMER_142","Info":"","Address":"X=175 Y=143","LatLng":""},{"Id":143,"Name":"CUSTOMER_143","Info":"","Address":"X=193 Y=27","LatLng":""},{"Id":144,"Name":"CUSTOMER_144","Info":"","Address":"X=193 Y=82","LatLng":""},{"Id":145,"Name":"CUSTOMER_145","Info":"","Address":"X=103 Y=67","LatLng":""},{"Id":146,"Name":"CUSTOMER_146","Info":"","Address":"X=55 Y=64","LatLng":""},{"Id":147,"Name":"CUSTOMER_147","Info":"","Address":"X=197 Y=25","LatLng":""},{"Id":148,"Name":"CUSTOMER_148","Info":"","Address":"X=42 Y=105","LatLng":""},{"Id":149,"Name":"CUSTOMER_149","Info":"","Address":"X=100 Y=129","LatLng":""},{"Id":150,"Name":"CUSTOMER_150","Info":"","Address":"X=120 Y=115","LatLng":""},{"Id":151,"Name":"CUSTOMER_151","Info":"","Address":"X=183 Y=120","LatLng":""},{"Id":152,"Name":"CUSTOMER_152","Info":"","Address":"X=115 Y=89","LatLng":""},{"Id":153,"Name":"CUSTOMER_153","Info":"","Address":"X=196 Y=27","LatLng":""},{"Id":154,"Name":"CUSTOMER_154","Info":"","Address":"X=131 Y=38","LatLng":""},{"Id":155,"Name":"CUSTOMER_155","Info":"","Address":"X=145 Y=31","LatLng":""},{"Id":156,"Name":"CUSTOMER_156","Info":"","Address":"X=196 Y=137","LatLng":""},{"Id":157,"Name":"CUSTOMER_157","Info":"","Address":"X=98 Y=150","LatLng":""},{"Id":158,"Name":"CUSTOMER_158","Info":"","Address":"X=159 Y=8","LatLng":""},{"Id":159,"Name":"CUSTOMER_159","Info":"","Address":"X=15 Y=88","LatLng":""},{"Id":160,"Name":"CUSTOMER_160","Info":"","Address":"X=191 Y=27","LatLng":""},{"Id":161,"Name":"CUSTOMER_161","Info":"","Address":"X=196 Y=111","LatLng":""},{"Id":162,"Name":"CUSTOMER_162","Info":"","Address":"X=150 Y=6","LatLng":""},{"Id":163,"Name":"CUSTOMER_163","Info":"","Address":"X=95 Y=74","LatLng":""},{"Id":164,"Name":"CUSTOMER_164","Info":"","Address":"X=42 Y=101","LatLng":""},{"Id":165,"Name":"CUSTOMER_165","Info":"","Address":"X=53 Y=59","LatLng":""},{"Id":166,"Name":"CUSTOMER_166","Info":"","Address":"X=193 Y=23","LatLng":""},{"Id":167,"Name":"CUSTOMER_167","Info":"","Address":"X=40 Y=105","LatLng":""},{"Id":168,"Name":"CUSTOMER_168","Info":"","Address":"X=152 Y=4","LatLng":""},{"Id":169,"Name":"CUSTOMER_169","Info":"","Address":"X=100 Y=151","LatLng":""},{"Id":170,"Name":"CUSTOMER_170","Info":"","Address":"X=24 Y=140","LatLng":""},{"Id":171,"Name":"CUSTOMER_171","Info":"","Address":"X=87 Y=195","LatLng":""},{"Id":172,"Name":"CUSTOMER_172","Info":"","Address":"X=140 Y=6","LatLng":""},{"Id":173,"Name":"CUSTOMER_173","Info":"","Address":"X=197 Y=113","LatLng":""},{"Id":174,"Name":"CUSTOMER_174","Info":"","Address":"X=40 Y=183","LatLng":""},{"Id":175,"Name":"CUSTOMER_175","Info":"","Address":"X=127 Y=114","LatLng":""},{"Id":176,"Name":"CUSTOMER_176","Info":"","Address":"X=182 Y=46","LatLng":""},{"Id":177,"Name":"CUSTOMER_177","Info":"","Address":"X=151 Y=190","LatLng":""},{"Id":178,"Name":"CUSTOMER_178","Info":"","Address":"X=8 Y=69","LatLng":""},{"Id":179,"Name":"CUSTOMER_179","Info":"","Address":"X=44 Y=52","LatLng":""},{"Id":180,"Name":"CUSTOMER_180","Info":"","Address":"X=43 Y=54","LatLng":""},{"Id":181,"Name":"CUSTOMER_181","Info":"","Address":"X=179 Y=174","LatLng":""},{"Id":182,"Name":"CUSTOMER_182","Info":"","Address":"X=13 Y=152","LatLng":""},{"Id":183,"Name":"CUSTOMER_183","Info":"","Address":"X=137 Y=1","LatLng":""},{"Id":184,"Name":"CUSTOMER_184","Info":"","Address":"X=127 Y=118","LatLng":""},{"Id":185,"Name":"CUSTOMER_185","Info":"","Address":"X=118 Y=92","LatLng":""},{"Id":186,"Name":"CUSTOMER_186","Info":"","Address":"X=129 Y=40","LatLng":""},{"Id":187,"Name":"CUSTOMER_187","Info":"","Address":"X=123 Y=4","LatLng":""},{"Id":188,"Name":"CUSTOMER_188","Info":"","Address":"X=55 Y=24","LatLng":""},{"Id":189,"Name":"CUSTOMER_189","Info":"","Address":"X=41 Y=182","LatLng":""},{"Id":190,"Name":"CUSTOMER_190","Info":"","Address":"X=22 Y=133","LatLng":""},{"Id":191,"Name":"CUSTOMER_191","Info":"","Address":"X=151 Y=101","LatLng":""},{"Id":192,"Name":"CUSTOMER_192","Info":"","Address":"X=82 Y=194","LatLng":""},{"Id":193,"Name":"CUSTOMER_193","Info":"","Address":"X=185 Y=124","LatLng":""},{"Id":194,"Name":"CUSTOMER_194","Info":"","Address":"X=180 Y=147","LatLng":""},{"Id":195,"Name":"CUSTOMER_195","Info":"","Address":"X=97 Y=7","LatLng":""},{"Id":196,"Name":"CUSTOMER_196","Info":"","Address":"X=108 Y=165","LatLng":""},{"Id":197,"Name":"CUSTOMER_197","Info":"","Address":"X=47 Y=50","LatLng":""},{"Id":198,"Name":"CUSTOMER_198","Info":"","Address":"X=93 Y=167","LatLng":""},{"Id":199,"Name":"CUSTOMER_199","Info":"","Address":"X=186 Y=91","LatLng":""},{"Id":200,"Name":"CUSTOMER_200","Info":"","Address":"X=124 Y=6","LatLng":""},{"Id":201,"Name":"CUSTOMER_201","Info":"","Address":"X=149 Y=167","LatLng":""},{"Id":202,"Name":"CUSTOMER_202","Info":"","Address":"X=125 Y=38","LatLng":""},{"Id":203,"Name":"CUSTOMER_203","Info":"","Address":"X=123 Y=8","LatLng":""},{"Id":204,"Name":"CUSTOMER_204","Info":"","Address":"X=199 Y=76","LatLng":""},{"Id":205,"Name":"CUSTOMER_205","Info":"","Address":"X=194 Y=129","LatLng":""},{"Id":206,"Name":"CUSTOMER_206","Info":"","Address":"X=124 Y=117","LatLng":""},{"Id":207,"Name":"CUSTOMER_207","Info":"","Address":"X=115 Y=4","LatLng":""},{"Id":208,"Name":"CUSTOMER_208","Info":"","Address":"X=105 Y=70","LatLng":""},{"Id":209,"Name":"CUSTOMER_209","Info":"","Address":"X=120 Y=92","LatLng":""},{"Id":210,"Name":"CUSTOMER_210","Info":"","Address":"X=200 Y=136","LatLng":""},{"Id":211,"Name":"CUSTOMER_211","Info":"","Address":"X=14 Y=84","LatLng":""},{"Id":212,"Name":"CUSTOMER_212","Info":"","Address":"X=100 Y=150","LatLng":""},{"Id":213,"Name":"CUSTOMER_213","Info":"","Address":"X=190 Y=112","LatLng":""},{"Id":214,"Name":"CUSTOMER_214","Info":"","Address":"X=146 Y=7","LatLng":""},{"Id":215,"Name":"CUSTOMER_215","Info":"","Address":"X=196 Y=28","LatLng":""},{"Id":216,"Name":"CUSTOMER_216","Info":"","Address":"X=100 Y=6","LatLng":""},{"Id":217,"Name":"CUSTOMER_217","Info":"","Address":"X=118 Y=97","LatLng":""},{"Id":218,"Name":"CUSTOMER_218","Info":"","Address":"X=12 Y=154","LatLng":""},{"Id":219,"Name":"CUSTOMER_219","Info":"","Address":"X=97 Y=162","LatLng":""},{"Id":220,"Name":"CUSTOMER_220","Info":"","Address":"X=196 Y=78","LatLng":""},{"Id":221,"Name":"CUSTOMER_221","Info":"","Address":"X=172 Y=114","LatLng":""},{"Id":222,"Name":"CUSTOMER_222","Info":"","Address":"X=14 Y=92","LatLng":""},{"Id":223,"Name":"CUSTOMER_223","Info":"","Address":"X=7 Y=142","LatLng":""},{"Id":224,"Name":"CUSTOMER_224","Info":"","Address":"X=63 Y=55","LatLng":""},{"Id":225,"Name":"CUSTOMER_225","Info":"","Address":"X=54 Y=30","LatLng":""},{"Id":226,"Name":"CUSTOMER_226","Info":"","Address":"X=141 Y=8","LatLng":""},{"Id":227,"Name":"CUSTOMER_227","Info":"","Address":"X=156 Y=12","LatLng":""},{"Id":228,"Name":"CUSTOMER_228","Info":"","Address":"X=134 Y=6","LatLng":""},{"Id":229,"Name":"CUSTOMER_229","Info":"","Address":"X=198 Y=78","LatLng":""},{"Id":230,"Name":"CUSTOMER_230","Info":"","Address":"X=65 Y=53","LatLng":""},{"Id":231,"Name":"CUSTOMER_231","Info":"","Address":"X=52 Y=28","LatLng":""},{"Id":232,"Name":"CUSTOMER_232","Info":"","Address":"X=125 Y=15","LatLng":""},{"Id":233,"Name":"CUSTOMER_233","Info":"","Address":"X=199 Y=115","LatLng":""},{"Id":234,"Name":"CUSTOMER_234","Info":"","Address":"X=32 Y=178","LatLng":""},{"Id":235,"Name":"CUSTOMER_235","Info":"","Address":"X=179 Y=55","LatLng":""},{"Id":236,"Name":"CUSTOMER_236","Info":"","Address":"X=11 Y=151","LatLng":""},{"Id":237,"Name":"CUSTOMER_237","Info":"","Address":"X=99 Y=154","LatLng":""},{"Id":238,"Name":"CUSTOMER_238","Info":"","Address":"X=95 Y=16","LatLng":""},{"Id":239,"Name":"CUSTOMER_239","Info":"","Address":"X=83 Y=197","LatLng":""},{"Id":240,"Name":"CUSTOMER_240","Info":"","Address":"X=27 Y=135","LatLng":""},{"Id":241,"Name":"CUSTOMER_241","Info":"","Address":"X=102 Y=121","LatLng":""},{"Id":242,"Name":"CUSTOMER_242","Info":"","Address":"X=179 Y=165","LatLng":""},{"Id":243,"Name":"CUSTOMER_243","Info":"","Address":"X=87 Y=196","LatLng":""},{"Id":244,"Name":"CUSTOMER_244","Info":"","Address":"X=38 Y=190","LatLng":""},{"Id":245,"Name":"CUSTOMER_245","Info":"","Address":"X=183 Y=167","LatLng":""},{"Id":246,"Name":"CUSTOMER_246","Info":"","Address":"X=46 Y=49","LatLng":""},{"Id":247,"Name":"CUSTOMER_247","Info":"","Address":"X=149 Y=5","LatLng":""},{"Id":248,"Name":"CUSTOMER_248","Info":"","Address":"X=84 Y=194","LatLng":""},{"Id":249,"Name":"CUSTOMER_249","Info":"","Address":"X=93 Y=150","LatLng":""},{"Id":250,"Name":"CUSTOMER_250","Info":"","Address":"X=35 Y=186","LatLng":""},{"Id":251,"Name":"CUSTOMER_251","Info":"","Address":"X=177 Y=146","LatLng":""},{"Id":252,"Name":"CUSTOMER_252","Info":"","Address":"X=26 Y=147","LatLng":""},{"Id":253,"Name":"CUSTOMER_253","Info":"","Address":"X=21 Y=85","LatLng":""},{"Id":254,"Name":"CUSTOMER_254","Info":"","Address":"X=195 Y=97","LatLng":""},{"Id":255,"Name":"CUSTOMER_255","Info":"","Address":"X=99 Y=146","LatLng":""},{"Id":256,"Name":"CUSTOMER_256","Info":"","Address":"X=195 Y=129","LatLng":""},{"Id":257,"Name":"CUSTOMER_257","Info":"","Address":"X=105 Y=127","LatLng":""},{"Id":258,"Name":"CUSTOMER_258","Info":"","Address":"X=190 Y=24","LatLng":""},{"Id":259,"Name":"CUSTOMER_259","Info":"","Address":"X=178 Y=165","LatLng":""},{"Id":260,"Name":"CUSTOMER_260","Info":"","Address":"X=68 Y=50","LatLng":""},{"Id":261,"Name":"CUSTOMER_261","Info":"","Address":"X=190 Y=110","LatLng":""},{"Id":262,"Name":"CUSTOMER_262","Info":"","Address":"X=60 Y=51","LatLng":""},{"Id":263,"Name":"CUSTOMER_263","Info":"","Address":"X=180 Y=50","LatLng":""},{"Id":264,"Name":"CUSTOMER_264","Info":"","Address":"X=181 Y=151","LatLng":""},{"Id":265,"Name":"CUSTOMER_265","Info":"","Address":"X=143 Y=189","LatLng":""},{"Id":266,"Name":"CUSTOMER_266","Info":"","Address":"X=56 Y=59","LatLng":""},{"Id":267,"Name":"CUSTOMER_267","Info":"","Address":"X=48 Y=108","LatLng":""},{"Id":268,"Name":"CUSTOMER_268","Info":"","Address":"X=50 Y=67","LatLng":""},{"Id":269,"Name":"CUSTOMER_269","Info":"","Address":"X=101 Y=70","LatLng":""},{"Id":270,"Name":"CUSTOMER_270","Info":"","Address":"X=185 Y=123","LatLng":""},{"Id":271,"Name":"CUSTOMER_271","Info":"","Address":"X=38 Y=188","LatLng":""},{"Id":272,"Name":"CUSTOMER_272","Info":"","Address":"X=151 Y=28","LatLng":""},{"Id":273,"Name":"CUSTOMER_273","Info":"","Address":"X=121 Y=8","LatLng":""},{"Id":274,"Name":"CUSTOMER_274","Info":"","Address":"X=25 Y=143","LatLng":""},{"Id":275,"Name":"CUSTOMER_275","Info":"","Address":"X=26 Y=138","LatLng":""},{"Id":276,"Name":"CUSTOMER_276","Info":"","Address":"X=176 Y=144","LatLng":""},{"Id":277,"Name":"CUSTOMER_277","Info":"","Address":"X=78 Y=119","LatLng":""},{"Id":278,"Name":"CUSTOMER_278","Info":"","Address":"X=51 Y=31","LatLng":""},{"Id":279,"Name":"CUSTOMER_279","Info":"","Address":"X=109 Y=175","LatLng":""},{"Id":280,"Name":"CUSTOMER_280","Info":"","Address":"X=150 Y=98","LatLng":""},{"Id":281,"Name":"CUSTOMER_281","Info":"","Address":"X=180 Y=52","LatLng":""},{"Id":282,"Name":"CUSTOMER_282","Info":"","Address":"X=141 Y=4","LatLng":""},{"Id":283,"Name":"CUSTOMER_283","Info":"","Address":"X=152 Y=3","LatLng":""},{"Id":284,"Name":"CUSTOMER_284","Info":"","Address":"X=166 Y=117","LatLng":""},{"Id":285,"Name":"CUSTOMER_285","Info":"","Address":"X=93 Y=7","LatLng":""},{"Id":286,"Name":"CUSTOMER_286","Info":"","Address":"X=113 Y=94","LatLng":""},{"Id":287,"Name":"CUSTOMER_287","Info":"","Address":"X=83 Y=188","LatLng":""},{"Id":288,"Name":"CUSTOMER_288","Info":"","Address":"X=8 Y=73","LatLng":""},{"Id":289,"Name":"CUSTOMER_289","Info":"","Address":"X=154 Y=2","LatLng":""},{"Id":290,"Name":"CUSTOMER_290","Info":"","Address":"X=17 Y=150","LatLng":""},{"Id":291,"Name":"CUSTOMER_291","Info":"","Address":"X=116 Y=189","LatLng":""},{"Id":292,"Name":"CUSTOMER_292","Info":"","Address":"X=140 Y=11","LatLng":""},{"Id":293,"Name":"CUSTOMER_293","Info":"","Address":"X=189 Y=97","LatLng":""},{"Id":294,"Name":"CUSTOMER_294","Info":"","Address":"X=184 Y=116","LatLng":""},{"Id":295,"Name":"CUSTOMER_295","Info":"","Address":"X=198 Y=76","LatLng":""},{"Id":296,"Name":"CUSTOMER_296","Info":"","Address":"X=186 Y=94","LatLng":""},{"Id":297,"Name":"CUSTOMER_297","Info":"","Address":"X=97 Y=65","LatLng":""},{"Id":298,"Name":"CUSTOMER_298","Info":"","Address":"X=154 Y=172","LatLng":""},{"Id":299,"Name":"CUSTOMER_299","Info":"","Address":"X=90 Y=160","LatLng":""},{"Id":300,"Name":"CUSTOMER_300","Info":"","Address":"X=109 Y=126","LatLng":""},{"Id":301,"Name":"CUSTOMER_301","Info":"","Address":"X=148 Y=98","LatLng":""},{"Id":302,"Name":"CUSTOMER_302","Info":"","Address":"X=144 Y=170","LatLng":""},{"Id":303,"Name":"CUSTOMER_303","Info":"","Address":"X=193 Y=83","LatLng":""},{"Id":304,"Name":"CUSTOMER_304","Info":"","Address":"X=15 Y=87","LatLng":""},{"Id":305,"Name":"CUSTOMER_305","Info":"","Address":"X=89 Y=158","LatLng":""},{"Id":306,"Name":"CUSTOMER_306","Info":"","Address":"X=153 Y=29","LatLng":""},{"Id":307,"Name":"CUSTOMER_307","Info":"","Address":"X=183 Y=152","LatLng":""},{"Id":308,"Name":"CUSTOMER_308","Info":"","Address":"X=53 Y=61","LatLng":""},{"Id":309,"Name":"CUSTOMER_309","Info":"","Address":"X=123 Y=36","LatLng":""},{"Id":310,"Name":"CUSTOMER_310","Info":"","Address":"X=59 Y=57","LatLng":""},{"Id":311,"Name":"CUSTOMER_311","Info":"","Address":"X=102 Y=122","LatLng":""},{"Id":312,"Name":"CUSTOMER_312","Info":"","Address":"X=45 Y=48","LatLng":""},{"Id":313,"Name":"CUSTOMER_313","Info":"","Address":"X=185 Y=96","LatLng":""},{"Id":314,"Name":"CUSTOMER_314","Info":"","Address":"X=120 Y=192","LatLng":""},{"Id":315,"Name":"CUSTOMER_315","Info":"","Address":"X=165 Y=113","LatLng":""},{"Id":316,"Name":"CUSTOMER_316","Info":"","Address":"X=177 Y=145","LatLng":""},{"Id":317,"Name":"CUSTOMER_317","Info":"","Address":"X=126 Y=192","LatLng":""},{"Id":318,"Name":"CUSTOMER_318","Info":"","Address":"X=103 Y=66","LatLng":""},{"Id":319,"Name":"CUSTOMER_319","Info":"","Address":"X=69 Y=47","LatLng":""},{"Id":320,"Name":"CUSTOMER_320","Info":"","Address":"X=150 Y=3","LatLng":""},{"Id":321,"Name":"CUSTOMER_321","Info":"","Address":"X=110 Y=164","LatLng":""},{"Id":322,"Name":"CUSTOMER_322","Info":"","Address":"X=178 Y=123","LatLng":""},{"Id":323,"Name":"CUSTOMER_323","Info":"","Address":"X=53 Y=31","LatLng":""},{"Id":324,"Name":"CUSTOMER_324","Info":"","Address":"X=193 Y=131","LatLng":""},{"Id":325,"Name":"CUSTOMER_325","Info":"","Address":"X=83 Y=118","LatLng":""},{"Id":326,"Name":"CUSTOMER_326","Info":"","Address":"X=145 Y=9","LatLng":""},{"Id":327,"Name":"CUSTOMER_327","Info":"","Address":"X=12 Y=69","LatLng":""},{"Id":328,"Name":"CUSTOMER_328","Info":"","Address":"X=145 Y=189","LatLng":""},{"Id":329,"Name":"CUSTOMER_329","Info":"","Address":"X=97 Y=67","LatLng":""},{"Id":330,"Name":"CUSTOMER_330","Info":"","Address":"X=193 Y=28","LatLng":""},{"Id":331,"Name":"CUSTOMER_331","Info":"","Address":"X=79 Y=115","LatLng":""},{"Id":332,"Name":"CUSTOMER_332","Info":"","Address":"X=63 Y=58","LatLng":""},{"Id":333,"Name":"CUSTOMER_333","Info":"","Address":"X=187 Y=142","LatLng":""},{"Id":334,"Name":"CUSTOMER_334","Info":"","Address":"X=99 Y=12","LatLng":""},{"Id":335,"Name":"CUSTOMER_335","Info":"","Address":"X=181 Y=89","LatLng":""},{"Id":336,"Name":"CUSTOMER_336","Info":"","Address":"X=111 Y=93","LatLng":""},{"Id":337,"Name":"CUSTOMER_337","Info":"","Address":"X=192 Y=28","LatLng":""},{"Id":338,"Name":"CUSTOMER_338","Info":"","Address":"X=198 Y=132","LatLng":""},{"Id":339,"Name":"CUSTOMER_339","Info":"","Address":"X=57 Y=54","LatLng":""},{"Id":340,"Name":"CUSTOMER_340","Info":"","Address":"X=39 Y=112","LatLng":""},{"Id":341,"Name":"CUSTOMER_341","Info":"","Address":"X=118 Y=5","LatLng":""},{"Id":342,"Name":"CUSTOMER_342","Info":"","Address":"X=122 Y=37","LatLng":""},{"Id":343,"Name":"CUSTOMER_343","Info":"","Address":"X=100 Y=70","LatLng":""},{"Id":344,"Name":"CUSTOMER_344","Info":"","Address":"X=150 Y=103","LatLng":""},{"Id":345,"Name":"CUSTOMER_345","Info":"","Address":"X=28 Y=193","LatLng":""},{"Id":346,"Name":"CUSTOMER_346","Info":"","Address":"X=121 Y=36","LatLng":""},{"Id":347,"Name":"CUSTOMER_347","Info":"","Address":"X=152 Y=31","LatLng":""},{"Id":348,"Name":"CUSTOMER_348","Info":"","Address":"X=175 Y=57","LatLng":""},{"Id":349,"Name":"CUSTOMER_349","Info":"","Address":"X=149 Y=101","LatLng":""},{"Id":350,"Name":"CUSTOMER_350","Info":"","Address":"X=140 Y=3","LatLng":""},{"Id":351,"Name":"CUSTOMER_351","Info":"","Address":"X=165 Y=116","LatLng":""},{"Id":352,"Name":"CUSTOMER_352","Info":"","Address":"X=143 Y=5","LatLng":""},{"Id":353,"Name":"CUSTOMER_353","Info":"","Address":"X=153 Y=160","LatLng":""},{"Id":354,"Name":"CUSTOMER_354","Info":"","Address":"X=121 Y=116","LatLng":""},{"Id":355,"Name":"CUSTOMER_355","Info":"","Address":"X=147 Y=6","LatLng":""},{"Id":356,"Name":"CUSTOMER_356","Info":"","Address":"X=162 Y=118","LatLng":""},{"Id":357,"Name":"CUSTOMER_357","Info":"","Address":"X=12 Y=66","LatLng":""},{"Id":358,"Name":"CUSTOMER_358","Info":"","Address":"X=98 Y=4","LatLng":""},{"Id":359,"Name":"CUSTOMER_359","Info":"","Address":"X=189 Y=95","LatLng":""},{"Id":360,"Name":"CUSTOMER_360","Info":"","Address":"X=91 Y=160","LatLng":""},{"Id":361,"Name":"CUSTOMER_361","Info":"","Address":"X=147 Y=26","LatLng":""},{"Id":362,"Name":"CUSTOMER_362","Info":"","Address":"X=85 Y=192","LatLng":""},{"Id":363,"Name":"CUSTOMER_363","Info":"","Address":"X=178 Y=147","LatLng":""},{"Id":364,"Name":"CUSTOMER_364","Info":"","Address":"X=40 Y=113","LatLng":""},{"Id":365,"Name":"CUSTOMER_365","Info":"","Address":"X=122 Y=8","LatLng":""},{"Id":366,"Name":"CUSTOMER_366","Info":"","Address":"X=119 Y=113","LatLng":""},{"Id":367,"Name":"CUSTOMER_367","Info":"","Address":"X=45 Y=104","LatLng":""},{"Id":368,"Name":"CUSTOMER_368","Info":"","Address":"X=84 Y=118","LatLng":""},{"Id":369,"Name":"CUSTOMER_369","Info":"","Address":"X=8 Y=154","LatLng":""},{"Id":370,"Name":"CUSTOMER_370","Info":"","Address":"X=25 Y=146","LatLng":""},{"Id":371,"Name":"CUSTOMER_371","Info":"","Address":"X=178 Y=140","LatLng":""},{"Id":372,"Name":"CUSTOMER_372","Info":"","Address":"X=146 Y=103","LatLng":""},{"Id":373,"Name":"CUSTOMER_373","Info":"","Address":"X=40 Y=108","LatLng":""},{"Id":374,"Name":"CUSTOMER_374","Info":"","Address":"X=183 Y=148","LatLng":""},{"Id":375,"Name":"CUSTOMER_375","Info":"","Address":"X=99 Y=128","LatLng":""},{"Id":376,"Name":"CUSTOMER_376","Info":"","Address":"X=151 Y=35","LatLng":""},{"Id":377,"Name":"CUSTOMER_377","Info":"","Address":"X=154 Y=27","LatLng":""},{"Id":378,"Name":"CUSTOMER_378","Info":"","Address":"X=42 Y=102","LatLng":""},{"Id":379,"Name":"CUSTOMER_379","Info":"","Address":"X=45 Y=46","LatLng":""},{"Id":380,"Name":"CUSTOMER_380","Info":"","Address":"X=144 Y=190","LatLng":""},{"Id":381,"Name":"CUSTOMER_381","Info":"","Address":"X=129 Y=38","LatLng":""},{"Id":382,"Name":"CUSTOMER_382","Info":"","Address":"X=199 Y=132","LatLng":""},{"Id":383,"Name":"CUSTOMER_383","Info":"","Address":"X=193 Y=111","LatLng":""},{"Id":384,"Name":"CUSTOMER_384","Info":"","Address":"X=172 Y=51","LatLng":""},{"Id":385,"Name":"CUSTOMER_385","Info":"","Address":"X=188 Y=88","LatLng":""},{"Id":386,"Name":"CUSTOMER_386","Info":"","Address":"X=40 Y=49","LatLng":""},{"Id":387,"Name":"CUSTOMER_387","Info":"","Address":"X=52 Y=38","LatLng":""},{"Id":388,"Name":"CUSTOMER_388","Info":"","Address":"X=178 Y=54","LatLng":""},{"Id":389,"Name":"CUSTOMER_389","Info":"","Address":"X=181 Y=175","LatLng":""},{"Id":390,"Name":"CUSTOMER_390","Info":"","Address":"X=41 Y=187","LatLng":""},{"Id":391,"Name":"CUSTOMER_391","Info":"","Address":"X=49 Y=104","LatLng":""},{"Id":392,"Name":"CUSTOMER_392","Info":"","Address":"X=150 Y=99","LatLng":""},{"Id":393,"Name":"CUSTOMER_393","Info":"","Address":"X=106 Y=166","LatLng":""},{"Id":394,"Name":"CUSTOMER_394","Info":"","Address":"X=5 Y=73","LatLng":""},{"Id":395,"Name":"CUSTOMER_395","Info":"","Address":"X=148 Y=32","LatLng":""},{"Id":396,"Name":"CUSTOMER_396","Info":"","Address":"X=182 Y=154","LatLng":""},{"Id":397,"Name":"CUSTOMER_397","Info":"","Address":"X=116 Y=12","LatLng":""},{"Id":398,"Name":"CUSTOMER_398","Info":"","Address":"X=78 Y=115","LatLng":""},{"Id":399,"Name":"CUSTOMER_399","Info":"","Address":"X=121 Y=188","LatLng":""},{"Id":400,"Name":"CUSTOMER_400","Info":"","Address":"X=61 Y=50","LatLng":""},{"Id":401,"Name":"CUSTOMER_401","Info":"","Address":"X=178 Y=140","LatLng":""},{"Id":402,"Name":"CUSTOMER_402","Info":"","Address":"X=149 Y=5","LatLng":""},{"Id":403,"Name":"CUSTOMER_403","Info":"","Address":"X=11 Y=151","LatLng":""},{"Id":404,"Name":"CUSTOMER_404","Info":"","Address":"X=93 Y=13","LatLng":""},{"Id":405,"Name":"CUSTOMER_405","Info":"","Address":"X=144 Y=190","LatLng":""},{"Id":406,"Name":"CUSTOMER_406","Info":"","Address":"X=151 Y=35","LatLng":""},{"Id":407,"Name":"CUSTOMER_407","Info":"","Address":"X=185 Y=96","LatLng":""},{"Id":408,"Name":"CUSTOMER_408","Info":"","Address":"X=29 Y=139","LatLng":""},{"Id":409,"Name":"CUSTOMER_409","Info":"","Address":"X=15 Y=87","LatLng":""},{"Id":410,"Name":"CUSTOMER_410","Info":"","Address":"X=123 Y=4","LatLng":""},{"Id":411,"Name":"CUSTOMER_411","Info":"","Address":"X=118 Y=97","LatLng":""},{"Id":412,"Name":"CUSTOMER_412","Info":"","Address":"X=90 Y=161","LatLng":""},{"Id":413,"Name":"CUSTOMER_413","Info":"","Address":"X=55 Y=64","LatLng":""},{"Id":414,"Name":"CUSTOMER_414","Info":"","Address":"X=87 Y=118","LatLng":""},{"Id":415,"Name":"CUSTOMER_415","Info":"","Address":"X=149 Y=101","LatLng":""},{"Id":416,"Name":"CUSTOMER_416","Info":"","Address":"X=159 Y=121","LatLng":""}]