[{"Id":1,"Name":"VEHICLE_1","Start_Point_Id":0,"End_Point_Id":0,"Capacity":200.0,"Volume":0.0,"Matrix_Index":0,"Max_run":1000000000000.0,"Max_Order_Count":1000000,"Attr":1,"LoadConstr":0,"TimeStart":0.0,"TimeEnd":1501.0,"delay_at_pt":0.0,"own_weight":200.0,"cost_vehicle":10000.0,"cost_distance":1.0,"cost_time":0.001,"cost_job":1E-08,"coefficient_of_delay":0.0,"ktime_speed":1.0,"Skills":""},{"Id":2,"Name":"VEHICLE_2","Start_Point_Id":0,"End_Point_Id":0,"Capacity":200.0,"Volume":0.0,"Matrix_Index":0,"Max_run":1000000000000.0,"Max_Order_Count":1000000,"Attr":1,"LoadConstr":0,"TimeStart":0.0,"TimeEnd":1501.0,"delay_at_pt":0.0,"own_weight":200.0,"cost_vehicle":10000.0,"cost_distance":1.0,"cost_time":0.001,"cost_job":1E-08,"coefficient_of_delay":0.0,"ktime_speed":1.0,"Skills":""},{"Id":3,"Name":"VEHICLE_3","Start_Point_Id":0,"End_Point_Id":0,"Capacity":200.0,"Volume":0.0,"Matrix_Index":0,"Max_run":1000000000000.0,"Max_Order_Count":1000000,"Attr":1,"LoadConstr":0,"TimeStart":0.0,"TimeEnd":1501.0,"delay_at_pt":0.0,"own_weight":200.0,"cost_vehicle":10000.0,"cost_distance":1.0,"cost_time":0.001,"cost_job":1E-08,"coefficient_of_delay":0.0,"ktime_speed":1.0,"Skills":""},{"Id":4,"Name":"VEHICLE_4","Start_Point_Id":0,"End_Point_Id":0,"Capacity":200.0,"Volume":0.0,"Matrix_Index":0,"Max_run":1000000000000.0,"Max_Order_Count":1000000,"Attr":1,"LoadConstr":0,"TimeStart":0.0,"TimeEnd":1501.0,"delay_at_pt":0.0,"own_weight":200.0,"cost_vehicle":10000.0,"cost_distance":1.0,"cost_time":0.001,"cost_job":1E-08,"coefficient_of_delay":0.0,"ktime_speed":1.0,"Skills":""},{"Id":5,"Name":"VEHICLE_5","Start_Point_Id":0,"End_Point_Id":0,"Capacity":200.0,"Volume":0.0,"Matrix_Index":0,"Max_run":1000000000000.0,"Max_Order_Count":1000000,"Attr":1,"LoadConstr":0,"TimeStart":0.0,"TimeEnd":1501.0,"delay_at_pt":0.0,"own_weight":200.0,"cost_vehicle":10000.0,"cost_distance":1.0,"cost_time":0.001,"cost_job":1E-08,"coefficient_of_delay":0.0,"ktime_speed":1.0,"Skills":""},{"Id":6,"Name":"VEHICLE_6","Start_Point_Id":0,"End_Point_Id":0,"Capacity":200.0,"Volume":0.0,"Matrix_Index":0,"Max_run":1000000000000.0,"Max_Order_Count":1000000,"Attr":1,"LoadConstr":0,"TimeStart":0.0,"TimeEnd":1501.0,"delay_at_pt":0.0,"own_weight":200.0,"cost_vehicle":10000.0,"cost_distance":1.0,"cost_time":0.001,"cost_job":1E-08,"coefficient_of_delay":0.0,"ktime_speed":1.0,"Skills":""},{"Id":7,"Name":"VEHICLE_7","Start_Point_Id":0,"End_Point_Id":0,"Capacity":200.0,"Volume":0.0,"Matrix_Index":0,"Max_run":1000000000000.0,"Max_Order_Count":1000000,"Attr":1,"LoadConstr":0,"TimeStart":0.0,"TimeEnd":1501.0,"delay_at_pt":0.0,"own_weight":200.0,"cost_vehicle":10000.0,"cost_distance":1.0,"cost_time":0.001,"cost_job":1E-08,"coefficient_of_delay":0.0,"ktime_speed":1.0,"Skills":""},{"Id":8,"Name":"VEHICLE_8","Start_Point_Id":0,"End_Point_Id":0,"Capacity":200.0,"Volume":0.0,"Matrix_Index":0,"Max_run":1000000000000.0,"Max_Order_Count":1000000,"Attr":1,"LoadConstr":0,"TimeStart":0.0,"TimeEnd":1501.0,"delay_at_pt":0.0,"own_weight":200.0,"cost_vehicle":10000.0,"cost_distance":1.0,"cost_time":0.001,"cost_job":1E-08,"coefficient_of_delay":0.0,"ktime_speed":1.0,"Skills":""},{"Id":9,"Name":"VEHICLE_9","Start_Point_Id":0,"End_Point_Id":0,"Capacity":200.0,"Volume":0.0,"Matrix_Index":0,"Max_run":1000000000000.0,"Max_Order_Count":1000000,"Attr":1,"LoadConstr":0,"TimeStart":0.0,"TimeEnd":1501.0,"delay_at_pt":0.0,"own_weight":200.0,"cost_vehicle":10000.0,"cost_distance":1.0,"cost_time":0.001,"cost_job":1E-08,"coefficient_of_delay":0.0,"ktime_speed":1.0,"Skills":""},{"Id":10,"Name":"VEHICLE_10","Start_Point_Id":0,"End_Point_Id":0,"Capacity":200.0,"Volume":0.0,"Matrix_Index":0,"Max_run":1000000000000.0,"Max_Order_Count":1000000,"Attr":1,"LoadConstr":0,"TimeStart":0.0,"TimeEnd":1501.0,"delay_at_pt":0.0,"own_weight":200.0,"cost_vehicle":10000.0,"cost_distance":1.0,"cost_time":0.001,"cost_job":1E-08,"coefficient_of_delay":0.0,"ktime_speed":1.0,"Skills":""},{"Id":11,"Name":"VEHICLE_11","Start_Point_Id":0,"End_Point_Id":0,"Capacity":200.0,"Volume":0.0,"Matrix_Index":0,"Max_run":1000000000000.0,"Max_Order_Count":1000000,"Attr":1,"LoadConstr":0,"TimeStart":0.0,"TimeEnd":1501.0,"delay_at_pt":0.0,"own_weight":200.0,"cost_vehicle":10000.0,"cost_distance":1.0,"cost_time":0.001,"cost_job":1E-08,"coefficient_of_delay":0.0,"ktime_speed":1.0,"Skills":""},{"Id":12,"Name":"VEHICLE_12","Start_Point_Id":0,"End_Point_Id":0,"Capacity":200.0,"Volume":0.0,"Matrix_Index":0,"Max_run":1000000000000.0,"Max_Order_Count":1000000,"Attr":1,"LoadConstr":0,"TimeStart":0.0,"TimeEnd":1501.0,"delay_at_pt":0.0,"own_weight":200.0,"cost_vehicle":10000.0,"cost_distance":1.0,"cost_time":0.001,"cost_job":1E-08,"coefficient_of_delay":0.0,"ktime_speed":1.0,"Skills":""},{"Id":13,"Name":"VEHICLE_13","Start_Point_Id":0,"End_Point_Id":0,"Capacity":200.0,"Volume":0.0,"Matrix_Index":0,"Max_run":1000000000000.0,"Max_Order_Count":1000000,"Attr":1,"LoadConstr":0,"TimeStart":0.0,"TimeEnd":1501.0,"delay_at_pt":0.0,"own_weight":200.0,"cost_vehicle":10000.0,"cost_distance":1.0,"cost_time":0.001,"cost_job":1E-08,"coefficient_of_delay":0.0,"ktime_speed":1.0,"Skills":""},{"Id":14,"Name":"VEHICLE_14","Start_Point_Id":0,"End_Point_Id":0,"Capacity":200.0,"Volume":0.0,"Matrix_Index":0,"Max_run":1000000000000.0,"Max_Order_Count":1000000,"Attr":1,"LoadConstr":0,"TimeStart":0.0,"TimeEnd":1501.0,"delay_at_pt":0.0,"own_weight":200.0,"cost_vehicle":10000.0,"cost_distance":1.0,"cost_time":0.001,"cost_job":1E-08,"coefficient_of_delay":0.0,"ktime_speed":1.0,"Skills":""},{"Id":15,"Name":"VEHICLE_15","Start_Point_Id":0,"End_Point_Id":0,"Capacity":200.0,"Volume":0.0,"Matrix_Index":0,"Max_run":1000000000000.0,"Max_Order_Count":1000000,"Attr":1,"LoadConstr":0,"TimeStart":0.0,"TimeEnd":1501.0,"delay_at_pt":0.0,"own_weight":200.0,"cost_vehicle":10000.0,"cost_distance":1.0,"cost_time":0.001,"cost_job":1E-08,"coefficient_of_delay":0.0,"ktime_speed":1.0,"Skills":""},{"Id":16,"Name":"VEHICLE_16","Start_Point_Id":0,"End_Point_Id":0,"Capacity":200.0,"Volume":0.0,"Matrix_Index":0,"Max_run":1000000000000.0,"Max_Order_Count":1000000,"Attr":1,"LoadConstr":0,"TimeStart":0.0,"TimeEnd":1501.0,"delay_at_pt":0.0,"own_weight":200.0,"cost_vehicle":10000.0,"cost_distance":1.0,"cost_time":0.001,"cost_job":1E-08,"coefficient_of_delay":0.0,"ktime_speed":1.0,"Skills":""},{"Id":17,"Name":"VEHICLE_17","Start_Point_Id":0,"End_Point_Id":0,"Capacity":200.0,"Volume":0.0,"Matrix_Index":0,"Max_run":1000000000000.0,"Max_Order_Count":1000000,"Attr":1,"LoadConstr":0,"TimeStart":0.0,"TimeEnd":1501.0,"delay_at_pt":0.0,"own_weight":200.0,"cost_vehicle":10000.0,"cost_distance":1.0,"cost_time":0.001,"cost_job":1E-08,"coefficient_of_delay":0.0,"ktime_speed":1.0,"Skills":""},{"Id":18,"Name":"VEHICLE_18","Start_Point_Id":0,"End_Point_Id":0,"Capacity":200.0,"Volume":0.0,"Matrix_Index":0,"Max_run":1000000000000.0,"Max_Order_Count":1000000,"Attr":1,"LoadConstr":0,"TimeStart":0.0,"TimeEnd":1501.0,"delay_at_pt":0.0,"own_weight":200.0,"cost_vehicle":10000.0,"cost_distance":1.0,"cost_time":0.001,"cost_job":1E-08,"coefficient_of_delay":0.0,"ktime_speed":1.0,"Skills":""},{"Id":19,"Name":"VEHICLE_19","Start_Point_Id":0,"End_Point_Id":0,"Capacity":200.0,"Volume":0.0,"Matrix_Index":0,"Max_run":1000000000000.0,"Max_Order_Count":1000000,"Attr":1,"LoadConstr":0,"TimeStart":0.0,"TimeEnd":1501.0,"delay_at_pt":0.0,"own_weight":200.0,"cost_vehicle":10000.0,"cost_distance":1.0,"cost_time":0.001,"cost_job":1E-08,"coefficient_of_delay":0.0,"ktime_speed":1.0,"Skills":""},{"Id":20,"Name":"VEHICLE_20","Start_Point_Id":0,"End_Point_Id":0,"Capacity":200.0,"Volume":0.0,"Matrix_Index":0,"Max_run":1000000000000.0,"Max_Order_Count":1000000,"Attr":1,"LoadConstr":0,"TimeStart":0.0,"TimeEnd":1501.0,"delay_at_pt":0.0,"own_weight":200.0,"cost_vehicle":10000.0,"cost_distance":1.0,"cost_time":0.001,"cost_job":1E-08,"coefficient_of_delay":0.0,"ktime_speed":1.0,"Skills":""},{"Id":21,"Name":"VEHICLE_21","Start_Point_Id":0,"End_Point_Id":0,"Capacity":200.0,"Volume":0.0,"Matrix_Index":0,"Max_run":1000000000000.0,"Max_Order_Count":1000000,"Attr":1,"LoadConstr":0,"TimeStart":0.0,"TimeEnd":1501.0,"delay_at_pt":0.0,"own_weight":200.0,"cost_vehicle":10000.0,"cost_distance":1.0,"cost_time":0.001,"cost_job":1E-08,"coefficient_of_delay":0.0,"ktime_speed":1.0,"Skills":""},{"Id":22,"Name":"VEHICLE_22","Start_Point_Id":0,"End_Point_Id":0,"Capacity":200.0,"Volume":0.0,"Matrix_Index":0,"Max_run":1000000000000.0,"Max_Order_Count":1000000,"Attr":1,"LoadConstr":0,"TimeStart":0.0,"TimeEnd":1501.0,"delay_at_pt":0.0,"own_weight":200.0,"cost_vehicle":10000.0,"cost_distance":1.0,"cost_time":0.001,"cost_job":1E-08,"coefficient_of_delay":0.0,"ktime_speed":1.0,"Skills":""},{"Id":23,"Name":"VEHICLE_23","Start_Point_Id":0,"End_Point_Id":0,"Capacity":200.0,"Volume":0.0,"Matrix_Index":0,"Max_run":1000000000000.0,"Max_Order_Count":1000000,"Attr":1,"LoadConstr":0,"TimeStart":0.0,"TimeEnd":1501.0,"delay_at_pt":0.0,"own_weight":200.0,"cost_vehicle":10000.0,"cost_distance":1.0,"cost_time":0.001,"cost_job":1E-08,"coefficient_of_delay":0.0,"ktime_speed":1.0,"Skills":""},{"Id":24,"Name":"VEHICLE_24","Start_Point_Id":0,"End_Point_Id":0,"Capacity":200.0,"Volume":0.0,"Matrix_Index":0,"Max_run":1000000000000.0,"Max_Order_Count":1000000,"Attr":1,"LoadConstr":0,"TimeStart":0.0,"TimeEnd":1501.0,"delay_at_pt":0.0,"own_weight":200.0,"cost_vehicle":10000.0,"cost_distance":1.0,"cost_time":0.001,"cost_job":1E-08,"coefficient_of_delay":0.0,"ktime_speed":1.0,"Skills":""},{"Id":25,"Name":"VEHICLE_25","Start_Point_Id":0,"End_Point_Id":0,"Capacity":200.0,"Volume":0.0,"Matrix_Index":0,"Max_run":1000000000000.0,"Max_Order_Count":1000000,"Attr":1,"LoadConstr":0,"TimeStart":0.0,"TimeEnd":1501.0,"delay_at_pt":0.0,"own_weight":200.0,"cost_vehicle":10000.0,"cost_distance":1.0,"cost_time":0.001,"cost_job":1E-08,"coefficient_of_delay":0.0,"ktime_speed":1.0,"Skills":""},{"Id":26,"Name":"VEHICLE_26","Start_Point_Id":0,"End_Point_Id":0,"Capacity":200.0,"Volume":0.0,"Matrix_Index":0,"Max_run":1000000000000.0,"Max_Order_Count":1000000,"Attr":1,"LoadConstr":0,"TimeStart":0.0,"TimeEnd":1501.0,"delay_at_pt":0.0,"own_weight":200.0,"cost_vehicle":10000.0,"cost_distance":1.0,"cost_time":0.001,"cost_job":1E-08,"coefficient_of_delay":0.0,"ktime_speed":1.0,"Skills":""},{"Id":27,"Name":"VEHICLE_27","Start_Point_Id":0,"End_Point_Id":0,"Capacity":200.0,"Volume":0.0,"Matrix_Index":0,"Max_run":1000000000000.0,"Max_Order_Count":1000000,"Attr":1,"LoadConstr":0,"TimeStart":0.0,"TimeEnd":1501.0,"delay_at_pt":0.0,"own_weight":200.0,"cost_vehicle":10000.0,"cost_distance":1.0,"cost_time":0.001,"cost_job":1E-08,"coefficient_of_delay":0.0,"ktime_speed":1.0,"Skills":""},{"Id":28,"Name":"VEHICLE_28","Start_Point_Id":0,"End_Point_Id":0,"Capacity":200.0,"Volume":0.0,"Matrix_Index":0,"Max_run":1000000000000.0,"Max_Order_Count":1000000,"Attr":1,"LoadConstr":0,"TimeStart":0.0,"TimeEnd":1501.0,"delay_at_pt":0.0,"own_weight":200.0,"cost_vehicle":10000.0,"cost_distance":1.0,"cost_time":0.001,"cost_job":1E-08,"coefficient_of_delay":0.0,"ktime_speed":1.0,"Skills":""},{"Id":29,"Name":"VEHICLE_29","Start_Point_Id":0,"End_Point_Id":0,"Capacity":200.0,"Volume":0.0,"Matrix_Index":0,"Max_run":1000000000000.0,"Max_Order_Count":1000000,"Attr":1,"LoadConstr":0,"TimeStart":0.0,"TimeEnd":1501.0,"delay_at_pt":0.0,"own_weight":200.0,"cost_vehicle":10000.0,"cost_distance":1.0,"cost_time":0.001,"cost_job":1E-08,"coefficient_of_delay":0.0,"ktime_speed":1.0,"Skills":""},{"Id":30,"Name":"VEHICLE_30","Start_Point_Id":0,"End_Point_Id":0,"Capacity":200.0,"Volume":0.0,"Matrix_Index":0,"Max_run":1000000000000.0,"Max_Order_Count":1000000,"Attr":1,"LoadConstr":0,"TimeStart":0.0,"TimeEnd":1501.0,"delay_at_pt":0.0,"own_weight":200.0,"cost_vehicle":10000.0,"cost_distance":1.0,"cost_time":0.001,"cost_job":1E-08,"coefficient_of_delay":0.0,"ktime_speed":1.0,"Skills":""},{"Id":31,"Name":"VEHICLE_31","Start_Point_Id":0,"End_Point_Id":0,"Capacity":200.0,"Volume":0.0,"Matrix_Index":0,"Max_run":1000000000000.0,"Max_Order_Count":1000000,"Attr":1,"LoadConstr":0,"TimeStart":0.0,"TimeEnd":1501.0,"delay_at_pt":0.0,"own_weight":200.0,"cost_vehicle":10000.0,"cost_distance":1.0,"cost_time":0.001,"cost_job":1E-08,"coefficient_of_delay":0.0,"ktime_speed":1.0,"Skills":""},{"Id":32,"Name":"VEHICLE_32","Start_Point_Id":0,"End_Point_Id":0,"Capacity":200.0,"Volume":0.0,"Matrix_Index":0,"Max_run":1000000000000.0,"Max_Order_Count":1000000,"Attr":1,"LoadConstr":0,"TimeStart":0.0,"TimeEnd":1501.0,"delay_at_pt":0.0,"own_weight":200.0,"cost_vehicle":10000.0,"cost_distance":1.0,"cost_time":0.001,"cost_job":1E-08,"coefficient_of_delay":0.0,"ktime_speed":1.0,"Skills":""},{"Id":33,"Name":"VEHICLE_33","Start_Point_Id":0,"End_Point_Id":0,"Capacity":200.0,"Volume":0.0,"Matrix_Index":0,"Max_run":1000000000000.0,"Max_Order_Count":1000000,"Attr":1,"LoadConstr":0,"TimeStart":0.0,"TimeEnd":1501.0,"delay_at_pt":0.0,"own_weight":200.0,"cost_vehicle":10000.0,"cost_distance":1.0,"cost_time":0.001,"cost_job":1E-08,"coefficient_of_delay":0.0,"ktime_speed":1.0,"Skills":""},{"Id":34,"Name":"VEHICLE_34","Start_Point_Id":0,"End_Point_Id":0,"Capacity":200.0,"Volume":0.0,"Matrix_Index":0,"Max_run":1000000000000.0,"Max_Order_Count":1000000,"Attr":1,"LoadConstr":0,"TimeStart":0.0,"TimeEnd":1501.0,"delay_at_pt":0.0,"own_weight":200.0,"cost_vehicle":10000.0,"cost_distance":1.0,"cost_time":0.001,"cost_job":1E-08,"coefficient_of_delay":0.0,"ktime_speed":1.0,"Skills":""},{"Id":35,"Name":"VEHICLE_35","Start_Point_Id":0,"End_Point_Id":0,"Capacity":200.0,"Volume":0.0,"Matrix_Index":0,"Max_run":1000000000000.0,"Max_Order_Count":1000000,"Attr":1,"LoadConstr":0,"TimeStart":0.0,"TimeEnd":1501.0,"delay_at_pt":0.0,"own_weight":200.0,"cost_vehicle":10000.0,"cost_distance":1.0,"cost_time":0.001,"cost_job":1E-08,"coefficient_of_delay":0.0,"ktime_speed":1.0,"Skills":""},{"Id":36,"Name":"VEHICLE_36","Start_Point_Id":0,"End_Point_Id":0,"Capacity":200.0,"Volume":0.0,"Matrix_Index":0,"Max_run":1000000000000.0,"Max_Order_Count":1000000,"Attr":1,"LoadConstr":0,"TimeStart":0.0,"TimeEnd":1501.0,"delay_at_pt":0.0,"own_weight":200.0,"cost_vehicle":10000.0,"cost_distance":1.0,"cost_time":0.001,"cost_job":1E-08,"coefficient_of_delay":0.0,"ktime_speed":1.0,"Skills":""},{"Id":37,"Name":"VEHICLE_37","Start_Point_Id":0,"End_Point_Id":0,"Capacity":200.0,"Volume":0.0,"Matrix_Index":0,"Max_run":1000000000000.0,"Max_Order_Count":1000000,"Attr":1,"LoadConstr":0,"TimeStart":0.0,"TimeEnd":1501.0,"delay_at_pt":0.0,"own_weight":200.0,"cost_vehicle":10000.0,"cost_distance":1.0,"cost_time":0.001,"cost_job":1E-08,"coefficient_of_delay":0.0,"ktime_speed":1.0,"Skills":""},{"Id":38,"Name":"VEHICLE_38","Start_Point_Id":0,"End_Point_Id":0,"Capacity":200.0,"Volume":0.0,"Matrix_Index":0,"Max_run":1000000000000.0,"Max_Order_Count":1000000,"Attr":1,"LoadConstr":0,"TimeStart":0.0,"TimeEnd":1501.0,"delay_at_pt":0.0,"own_weight":200.0,"cost_vehicle":10000.0,"cost_distance":1.0,"cost_time":0.001,"cost_job":1E-08,"coefficient_of_delay":0.0,"ktime_speed":1.0,"Skills":""},{"Id":39,"Name":"VEHICLE_39","Start_Point_Id":0,"End_Point_Id":0,"Capacity":200.0,"Volume":0.0,"Matrix_Index":0,"Max_run":1000000000000.0,"Max_Order_Count":1000000,"Attr":1,"LoadConstr":0,"TimeStart":0.0,"TimeEnd":1501.0,"delay_at_pt":0.0,"own_weight":200.0,"cost_vehicle":10000.0,"cost_distance":1.0,"cost_time":0.001,"cost_job":1E-08,"coefficient_of_delay":0.0,"ktime_speed":1.0,"Skills":""},{"Id":40,"Name":"VEHICLE_40","Start_Point_Id":0,"End_Point_Id":0,"Capacity":200.0,"Volume":0.0,"Matrix_Index":0,"Max_run":1000000000000.0,"Max_Order_Count":1000000,"Attr":1,"LoadConstr":0,"TimeStart":0.0,"TimeEnd":1501.0,"delay_at_pt":0.0,"own_weight":200.0,"cost_vehicle":10000.0,"cost_distance":1.0,"cost_time":0.001,"cost_job":1E-08,"coefficient_of_delay":0.0,"ktime_speed":1.0,"Skills":""},{"Id":41,"Name":"VEHICLE_41","Start_Point_Id":0,"End_Point_Id":0,"Capacity":200.0,"Volume":0.0,"Matrix_Index":0,"Max_run":1000000000000.0,"Max_Order_Count":1000000,"Attr":1,"LoadConstr":0,"TimeStart":0.0,"TimeEnd":1501.0,"delay_at_pt":0.0,"own_weight":200.0,"cost_vehicle":10000.0,"cost_distance":1.0,"cost_time":0.001,"cost_job":1E-08,"coefficient_of_delay":0.0,"ktime_speed":1.0,"Skills":""},{"Id":42,"Name":"VEHICLE_42","Start_Point_Id":0,"End_Point_Id":0,"Capacity":200.0,"Volume":0.0,"Matrix_Index":0,"Max_run":1000000000000.0,"Max_Order_Count":1000000,"Attr":1,"LoadConstr":0,"TimeStart":0.0,"TimeEnd":1501.0,"delay_at_pt":0.0,"own_weight":200.0,"cost_vehicle":10000.0,"cost_distance":1.0,"cost_time":0.001,"cost_job":1E-08,"coefficient_of_delay":0.0,"ktime_speed":1.0,"Skills":""},{"Id":43,"Name":"VEHICLE_43","Start_Point_Id":0,"End_Point_Id":0,"Capacity":200.0,"Volume":0.0,"Matrix_Index":0,"Max_run":1000000000000.0,"Max_Order_Count":1000000,"Attr":1,"LoadConstr":0,"TimeStart":0.0,"TimeEnd":1501.0,"delay_at_pt":0.0,"own_weight":200.0,"cost_vehicle":10000.0,"cost_distance":1.0,"cost_time":0.001,"cost_job":1E-08,"coefficient_of_delay":0.0,"ktime_speed":1.0,"Skills":""},{"Id":44,"Name":"VEHICLE_44","Start_Point_Id":0,"End_Point_Id":0,"Capacity":200.0,"Volume":0.0,"Matrix_Index":0,"Max_run":1000000000000.0,"Max_Order_Count":1000000,"Attr":1,"LoadConstr":0,"TimeStart":0.0,"TimeEnd":1501.0,"delay_at_pt":0.0,"own_weight":200.0,"cost_vehicle":10000.0,"cost_distance":1.0,"cost_time":0.001,"cost_job":1E-08,"coefficient_of_delay":0.0,"ktime_speed":1.0,"Skills":""},{"Id":45,"Name":"VEHICLE_45","Start_Point_Id":0,"End_Point_Id":0,"Capacity":200.0,"Volume":0.0,"Matrix_Index":0,"Max_run":1000000000000.0,"Max_Order_Count":1000000,"Attr":1,"LoadConstr":0,"TimeStart":0.0,"TimeEnd":1501.0,"delay_at_pt":0.0,"own_weight":200.0,"cost_vehicle":10000.0,"cost_distance":1.0,"cost_time":0.001,"cost_job":1E-08,"coefficient_of_delay":0.0,"ktime_speed":1.0,"Skills":""},{"Id":46,"Name":"VEHICLE_46","Start_Point_Id":0,"End_Point_Id":0,"Capacity":200.0,"Volume":0.0,"Matrix_Index":0,"Max_run":1000000000000.0,"Max_Order_Count":1000000,"Attr":1,"LoadConstr":0,"TimeStart":0.0,"TimeEnd":1501.0,"delay_at_pt":0.0,"own_weight":200.0,"cost_vehicle":10000.0,"cost_distance":1.0,"cost_time":0.001,"cost_job":1E-08,"coefficient_of_delay":0.0,"ktime_speed":1.0,"Skills":""},{"Id":47,"Name":"VEHICLE_47","Start_Point_Id":0,"End_Point_Id":0,"Capacity":200.0,"Volume":0.0,"Matrix_Index":0,"Max_run":1000000000000.0,"Max_Order_Count":1000000,"Attr":1,"LoadConstr":0,"TimeStart":0.0,"TimeEnd":1501.0,"delay_at_pt":0.0,"own_weight":200.0,"cost_vehicle":10000.0,"cost_distance":1.0,"cost_time":0.001,"cost_job":1E-08,"coefficient_of_delay":0.0,"ktime_speed":1.0,"Skills":""},{"Id":48,"Name":"VEHICLE_48","Start_Point_Id":0,"End_Point_Id":0,"Capacity":200.0,"Volume":0.0,"Matrix_Index":0,"Max_run":1000000000000.0,"Max_Order_Count":1000000,"Attr":1,"LoadConstr":0,"TimeStart":0.0,"TimeEnd":1501.0,"delay_at_pt":0.0,"own_weight":200.0,"cost_vehicle":10000.0,"cost_distance":1.0,"cost_time":0.001,"cost_job":1E-08,"coefficient_of_delay":0.0,"ktime_speed":1.0,"Skills":""},{"Id":49,"Name":"VEHICLE_49","Start_Point_Id":0,"End_Point_Id":0,"Capacity":200.0,"Volume":0.0,"Matrix_Index":0,"Max_run":1000000000000.0,"Max_Order_Count":1000000,"Attr":1,"LoadConstr":0,"TimeStart":0.0,"TimeEnd":1501.0,"delay_at_pt":0.0,"own_weight":200.0,"cost_vehicle":10000.0,"cost_distance":1.0,"cost_time":0.001,"cost_job":1E-08,"coefficient_of_delay":0.0,"ktime_speed":1.0,"Skills":""},{"Id":50,"Name":"VEHICLE_50","Start_Point_Id":0,"End_Point_Id":0,"Capacity":200.0,"Volume":0.0,"Matrix_Index":0,"Max_run":1000000000000.0,"Max_Order_Count":1000000,"Attr":1,"LoadConstr":0,"TimeStart":0.0,"TimeEnd":1501.0,"delay_at_pt":0.0,"own_weight":200.0,"cost_vehicle":10000.0,"cost_distance":1.0,"cost_time":0.001,"cost_job":1E-08,"coefficient_of_delay":0.0,"ktime_speed":1.0,"Skills":""},{"Id":51,"Name":"VEHICLE_51","Start_Point_Id":0,"End_Point_Id":0,"Capacity":200.0,"Volume":0.0,"Matrix_Index":0,"Max_run":1000000000000.0,"Max_Order_Count":1000000,"Attr":1,"LoadConstr":0,"TimeStart":0.0,"TimeEnd":1501.0,"delay_at_pt":0.0,"own_weight":200.0,"cost_vehicle":10000.0,"cost_distance":1.0,"cost_time":0.001,"cost_job":1E-08,"coefficient_of_delay":0.0,"ktime_speed":1.0,"Skills":""},{"Id":52,"Name":"VEHICLE_52","Start_Point_Id":0,"End_Point_Id":0,"Capacity":200.0,"Volume":0.0,"Matrix_Index":0,"Max_run":1000000000000.0,"Max_Order_Count":1000000,"Attr":1,"LoadConstr":0,"TimeStart":0.0,"TimeEnd":1501.0,"delay_at_pt":0.0,"own_weight":200.0,"cost_vehicle":10000.0,"cost_distance":1.0,"cost_time":0.001,"cost_job":1E-08,"coefficient_of_delay":0.0,"ktime_speed":1.0,"Skills":""},{"Id":53,"Name":"VEHICLE_53","Start_Point_Id":0,"End_Point_Id":0,"Capacity":200.0,"Volume":0.0,"Matrix_Index":0,"Max_run":1000000000000.0,"Max_Order_Count":1000000,"Attr":1,"LoadConstr":0,"TimeStart":0.0,"TimeEnd":1501.0,"delay_at_pt":0.0,"own_weight":200.0,"cost_vehicle":10000.0,"cost_distance":1.0,"cost_time":0.001,"cost_job":1E-08,"coefficient_of_delay":0.0,"ktime_speed":1.0,"Skills":""},{"Id":54,"Name":"VEHICLE_54","Start_Point_Id":0,"End_Point_Id":0,"Capacity":200.0,"Volume":0.0,"Matrix_Index":0,"Max_run":1000000000000.0,"Max_Order_Count":1000000,"Attr":1,"LoadConstr":0,"TimeStart":0.0,"TimeEnd":1501.0,"delay_at_pt":0.0,"own_weight":200.0,"cost_vehicle":10000.0,"cost_distance":1.0,"cost_time":0.001,"cost_job":1E-08,"coefficient_of_delay":0.0,"ktime_speed":1.0,"Skills":""},{"Id":55,"Name":"VEHICLE_55","Start_Point_Id":0,"End_Point_Id":0,"Capacity":200.0,"Volume":0.0,"Matrix_Index":0,"Max_run":1000000000000.0,"Max_Order_Count":1000000,"Attr":1,"LoadConstr":0,"TimeStart":0.0,"TimeEnd":1501.0,"delay_at_pt":0.0,"own_weight":200.0,"cost_vehicle":10000.0,"cost_distance":1.0,"cost_time":0.001,"cost_job":1E-08,"coefficient_of_delay":0.0,"ktime_speed":1.0,"Skills":""},{"Id":56,"Name":"VEHICLE_56","Start_Point_Id":0,"End_Point_Id":0,"Capacity":200.0,"Volume":0.0,"Matrix_Index":0,"Max_run":1000000000000.0,"Max_Order_Count":1000000,"Attr":1,"LoadConstr":0,"TimeStart":0.0,"TimeEnd":1501.0,"delay_at_pt":0.0,"own_weight":200.0,"cost_vehicle":10000.0,"cost_distance":1.0,"cost_time":0.001,"cost_job":1E-08,"coefficient_of_delay":0.0,"ktime_speed":1.0,"Skills":""},{"Id":57,"Name":"VEHICLE_57","Start_Point_Id":0,"End_Point_Id":0,"Capacity":200.0,"Volume":0.0,"Matrix_Index":0,"Max_run":1000000000000.0,"Max_Order_Count":1000000,"Attr":1,"LoadConstr":0,"TimeStart":0.0,"TimeEnd":1501.0,"delay_at_pt":0.0,"own_weight":200.0,"cost_vehicle":10000.0,"cost_distance":1.0,"cost_time":0.001,"cost_job":1E-08,"coefficient_of_delay":0.0,"ktime_speed":1.0,"Skills":""},{"Id":58,"Name":"VEHICLE_58","Start_Point_Id":0,"End_Point_Id":0,"Capacity":200.0,"Volume":0.0,"Matrix_Index":0,"Max_run":1000000000000.0,"Max_Order_Count":1000000,"Attr":1,"LoadConstr":0,"TimeStart":0.0,"TimeEnd":1501.0,"delay_at_pt":0.0,"own_weight":200.0,"cost_vehicle":10000.0,"cost_distance":1.0,"cost_time":0.001,"cost_job":1E-08,"coefficient_of_delay":0.0,"ktime_speed":1.0,"Skills":""},{"Id":59,"Name":"VEHICLE_59","Start_Point_Id":0,"End_Point_Id":0,"Capacity":200.0,"Volume":0.0,"Matrix_Index":0,"Max_run":1000000000000.0,"Max_Order_Count":1000000,"Attr":1,"LoadConstr":0,"TimeStart":0.0,"TimeEnd":1501.0,"delay_at_pt":0.0,"own_weight":200.0,"cost_vehicle":10000.0,"cost_distance":1.0,"cost_time":0.001,"cost_job":1E-08,"coefficient_of_delay":0.0,"ktime_speed":1.0,"Skills":""},{"Id":60,"Name":"VEHICLE_60","Start_Point_Id":0,"End_Point_Id":0,"Capacity":200.0,"Volume":0.0,"Matrix_Index":0,"Max_run":1000000000000.0,"Max_Order_Count":1000000,"Attr":1,"LoadConstr":0,"TimeStart":0.0,"TimeEnd":1501.0,"delay_at_pt":0.0,"own_weight":200.0,"cost_vehicle":10000.0,"cost_distance":1.0,"cost_time":0.001,"cost_job":1E-08,"coefficient_of_delay":0.0,"ktime_speed":1.0,"Skills":""},{"Id":61,"Name":"VEHICLE_61","Start_Point_Id":0,"End_Point_Id":0,"Capacity":200.0,"Volume":0.0,"Matrix_Index":0,"Max_run":1000000000000.0,"Max_Order_Count":1000000,"Attr":1,"LoadConstr":0,"TimeStart":0.0,"TimeEnd":1501.0,"delay_at_pt":0.0,"own_weight":200.0,"cost_vehicle":10000.0,"cost_distance":1.0,"cost_time":0.001,"cost_job":1E-08,"coefficient_of_delay":0.0,"ktime_speed":1.0,"Skills":""},{"Id":62,"Name":"VEHICLE_62","Start_Point_Id":0,"End_Point_Id":0,"Capacity":200.0,"Volume":0.0,"Matrix_Index":0,"Max_run":1000000000000.0,"Max_Order_Count":1000000,"Attr":1,"LoadConstr":0,"TimeStart":0.0,"TimeEnd":1501.0,"delay_at_pt":0.0,"own_weight":200.0,"cost_vehicle":10000.0,"cost_distance":1.0,"cost_time":0.001,"cost_job":1E-08,"coefficient_of_delay":0.0,"ktime_speed":1.0,"Skills":""},{"Id":63,"Name":"VEHICLE_63","Start_Point_Id":0,"End_Point_Id":0,"Capacity":200.0,"Volume":0.0,"Matrix_Index":0,"Max_run":1000000000000.0,"Max_Order_Count":1000000,"Attr":1,"LoadConstr":0,"TimeStart":0.0,"TimeEnd":1501.0,"delay_at_pt":0.0,"own_weight":200.0,"cost_vehicle":10000.0,"cost_distance":1.0,"cost_time":0.001,"cost_job":1E-08,"coefficient_of_delay":0.0,"ktime_speed":1.0,"Skills":""},{"Id":64,"Name":"VEHICLE_64","Start_Point_Id":0,"End_Point_Id":0,"Capacity":200.0,"Volume":0.0,"Matrix_Index":0,"Max_run":1000000000000.0,"Max_Order_Count":1000000,"Attr":1,"LoadConstr":0,"TimeStart":0.0,"TimeEnd":1501.0,"delay_at_pt":0.0,"own_weight":200.0,"cost_vehicle":10000.0,"cost_distance":1.0,"cost_time":0.001,"cost_job":1E-08,"coefficient_of_delay":0.0,"ktime_speed":1.0,"Skills":""},{"Id":65,"Name":"VEHICLE_65","Start_Point_Id":0,"End_Point_Id":0,"Capacity":200.0,"Volume":0.0,"Matrix_Index":0,"Max_run":1000000000000.0,"Max_Order_Count":1000000,"Attr":1,"LoadConstr":0,"TimeStart":0.0,"TimeEnd":1501.0,"delay_at_pt":0.0,"own_weight":200.0,"cost_vehicle":10000.0,"cost_distance":1.0,"cost_time":0.001,"cost_job":1E-08,"coefficient_of_delay":0.0,"ktime_speed":1.0,"Skills":""},{"Id":66,"Name":"VEHICLE_66","Start_Point_Id":0,"End_Point_Id":0,"Capacity":200.0,"Volume":0.0,"Matrix_Index":0,"Max_run":1000000000000.0,"Max_Order_Count":1000000,"Attr":1,"LoadConstr":0,"TimeStart":0.0,"TimeEnd":1501.0,"delay_at_pt":0.0,"own_weight":200.0,"cost_vehicle":10000.0,"cost_distance":1.0,"cost_time":0.001,"cost_job":1E-08,"coefficient_of_delay":0.0,"ktime_speed":1.0,"Skills":""},{"Id":67,"Name":"VEHICLE_67","Start_Point_Id":0,"End_Point_Id":0,"Capacity":200.0,"Volume":0.0,"Matrix_Index":0,"Max_run":1000000000000.0,"Max_Order_Count":1000000,"Attr":1,"LoadConstr":0,"TimeStart":0.0,"TimeEnd":1501.0,"delay_at_pt":0.0,"own_weight":200.0,"cost_vehicle":10000.0,"cost_distance":1.0,"cost_time":0.001,"cost_job":1E-08,"coefficient_of_delay":0.0,"ktime_speed":1.0,"Skills":""},{"Id":68,"Name":"VEHICLE_68","Start_Point_Id":0,"End_Point_Id":0,"Capacity":200.0,"Volume":0.0,"Matrix_Index":0,"Max_run":1000000000000.0,"Max_Order_Count":1000000,"Attr":1,"LoadConstr":0,"TimeStart":0.0,"TimeEnd":1501.0,"delay_at_pt":0.0,"own_weight":200.0,"cost_vehicle":10000.0,"cost_distance":1.0,"cost_time":0.001,"cost_job":1E-08,"coefficient_of_delay":0.0,"ktime_speed":1.0,"Skills":""},{"Id":69,"Name":"VEHICLE_69","Start_Point_Id":0,"End_Point_Id":0,"Capacity":200.0,"Volume":0.0,"Matrix_Index":0,"Max_run":1000000000000.0,"Max_Order_Count":1000000,"Attr":1,"LoadConstr":0,"TimeStart":0.0,"TimeEnd":1501.0,"delay_at_pt":0.0,"own_weight":200.0,"cost_vehicle":10000.0,"cost_distance":1.0,"cost_time":0.001,"cost_job":1E-08,"coefficient_of_delay":0.0,"ktime_speed":1.0,"Skills":""},{"Id":70,"Name":"VEHICLE_70","Start_Point_Id":0,"End_Point_Id":0,"Capacity":200.0,"Volume":0.0,"Matrix_Index":0,"Max_run":1000000000000.0,"Max_Order_Count":1000000,"Attr":1,"LoadConstr":0,"TimeStart":0.0,"TimeEnd":1501.0,"delay_at_pt":0.0,"own_weight":200.0,"cost_vehicle":10000.0,"cost_distance":1.0,"cost_time":0.001,"cost_job":1E-08,"coefficient_of_delay":0.0,"ktime_speed":1.0,"Skills":""},{"Id":71,"Name":"VEHICLE_71","Start_Point_Id":0,"End_Point_Id":0,"Capacity":200.0,"Volume":0.0,"Matrix_Index":0,"Max_run":1000000000000.0,"Max_Order_Count":1000000,"Attr":1,"LoadConstr":0,"TimeStart":0.0,"TimeEnd":1501.0,"delay_at_pt":0.0,"own_weight":200.0,"cost_vehicle":10000.0,"cost_distance":1.0,"cost_time":0.001,"cost_job":1E-08,"coefficient_of_delay":0.0,"ktime_speed":1.0,"Skills":""},{"Id":72,"Name":"VEHICLE_72","Start_Point_Id":0,"End_Point_Id":0,"Capacity":200.0,"Volume":0.0,"Matrix_Index":0,"Max_run":1000000000000.0,"Max_Order_Count":1000000,"Attr":1,"LoadConstr":0,"TimeStart":0.0,"TimeEnd":1501.0,"delay_at_pt":0.0,"own_weight":200.0,"cost_vehicle":10000.0,"cost_distance":1.0,"cost_time":0.001,"cost_job":1E-08,"coefficient_of_delay":0.0,"ktime_speed":1.0,"Skills":""},{"Id":73,"Name":"VEHICLE_73","Start_Point_Id":0,"End_Point_Id":0,"Capacity":200.0,"Volume":0.0,"Matrix_Index":0,"Max_run":1000000000000.0,"Max_Order_Count":1000000,"Attr":1,"LoadConstr":0,"TimeStart":0.0,"TimeEnd":1501.0,"delay_at_pt":0.0,"own_weight":200.0,"cost_vehicle":10000.0,"cost_distance":1.0,"cost_time":0.001,"cost_job":1E-08,"coefficient_of_delay":0.0,"ktime_speed":1.0,"Skills":""},{"Id":74,"Name":"VEHICLE_74","Start_Point_Id":0,"End_Point_Id":0,"Capacity":200.0,"Volume":0.0,"Matrix_Index":0,"Max_run":1000000000000.0,"Max_Order_Count":1000000,"Attr":1,"LoadConstr":0,"TimeStart":0.0,"TimeEnd":1501.0,"delay_at_pt":0.0,"own_weight":200.0,"cost_vehicle":10000.0,"cost_distance":1.0,"cost_time":0.001,"cost_job":1E-08,"coefficient_of_delay":0.0,"ktime_speed":1.0,"Skills":""},{"Id":75,"Name":"VEHICLE_75","Start_Point_Id":0,"End_Point_Id":0,"Capacity":200.0,"Volume":0.0,"Matrix_Index":0,"Max_run":1000000000000.0,"Max_Order_Count":1000000,"Attr":1,"LoadConstr":0,"TimeStart":0.0,"TimeEnd":1501.0,"delay_at_pt":0.0,"own_weight":200.0,"cost_vehicle":10000.0,"cost_distance":1.0,"cost_time":0.001,"cost_job":1E-08,"coefficient_of_delay":0.0,"ktime_speed":1.0,"Skills":""},{"Id":76,"Name":"VEHICLE_76","Start_Point_Id":0,"End_Point_Id":0,"Capacity":200.0,"Volume":0.0,"Matrix_Index":0,"Max_run":1000000000000.0,"Max_Order_Count":1000000,"Attr":1,"LoadConstr":0,"TimeStart":0.0,"TimeEnd":1501.0,"delay_at_pt":0.0,"own_weight":200.0,"cost_vehicle":10000.0,"cost_distance":1.0,"cost_time":0.001,"cost_job":1E-08,"coefficient_of_delay":0.0,"ktime_speed":1.0,"Skills":""},{"Id":77,"Name":"VEHICLE_77","Start_Point_Id":0,"End_Point_Id":0,"Capacity":200.0,"Volume":0.0,"Matrix_Index":0,"Max_run":1000000000000.0,"Max_Order_Count":1000000,"Attr":1,"LoadConstr":0,"TimeStart":0.0,"TimeEnd":1501.0,"delay_at_pt":0.0,"own_weight":200.0,"cost_vehicle":10000.0,"cost_distance":1.0,"cost_time":0.001,"cost_job":1E-08,"coefficient_of_delay":0.0,"ktime_speed":1.0,"Skills":""},{"Id":78,"Name":"VEHICLE_78","Start_Point_Id":0,"End_Point_Id":0,"Capacity":200.0,"Volume":0.0,"Matrix_Index":0,"Max_run":1000000000000.0,"Max_Order_Count":1000000,"Attr":1,"LoadConstr":0,"TimeStart":0.0,"TimeEnd":1501.0,"delay_at_pt":0.0,"own_weight":200.0,"cost_vehicle":10000.0,"cost_distance":1.0,"cost_time":0.001,"cost_job":1E-08,"coefficient_of_delay":0.0,"ktime_speed":1.0,"Skills":""},{"Id":79,"Name":"VEHICLE_79","Start_Point_Id":0,"End_Point_Id":0,"Capacity":200.0,"Volume":0.0,"Matrix_Index":0,"Max_run":1000000000000.0,"Max_Order_Count":1000000,"Attr":1,"LoadConstr":0,"TimeStart":0.0,"TimeEnd":1501.0,"delay_at_pt":0.0,"own_weight":200.0,"cost_vehicle":10000.0,"cost_distance":1.0,"cost_time":0.001,"cost_job":1E-08,"coefficient_of_delay":0.0,"ktime_speed":1.0,"Skills":""},{"Id":80,"Name":"VEHICLE_80","Start_Point_Id":0,"End_Point_Id":0,"Capacity":200.0,"Volume":0.0,"Matrix_Index":0,"Max_run":1000000000000.0,"Max_Order_Count":1000000,"Attr":1,"LoadConstr":0,"TimeStart":0.0,"TimeEnd":1501.0,"delay_at_pt":0.0,"own_weight":200.0,"cost_vehicle":10000.0,"cost_distance":1.0,"cost_time":0.001,"cost_job":1E-08,"coefficient_of_delay":0.0,"ktime_speed":1.0,"Skills":""},{"Id":81,"Name":"VEHICLE_81","Start_Point_Id":0,"End_Point_Id":0,"Capacity":200.0,"Volume":0.0,"Matrix_Index":0,"Max_run":1000000000000.0,"Max_Order_Count":1000000,"Attr":1,"LoadConstr":0,"TimeStart":0.0,"TimeEnd":1501.0,"delay_at_pt":0.0,"own_weight":200.0,"cost_vehicle":10000.0,"cost_distance":1.0,"cost_time":0.001,"cost_job":1E-08,"coefficient_of_delay":0.0,"ktime_speed":1.0,"Skills":""},{"Id":82,"Name":"VEHICLE_82","Start_Point_Id":0,"End_Point_Id":0,"Capacity":200.0,"Volume":0.0,"Matrix_Index":0,"Max_run":1000000000000.0,"Max_Order_Count":1000000,"Attr":1,"LoadConstr":0,"TimeStart":0.0,"TimeEnd":1501.0,"delay_at_pt":0.0,"own_weight":200.0,"cost_vehicle":10000.0,"cost_distance":1.0,"cost_time":0.001,"cost_job":1E-08,"coefficient_of_delay":0.0,"ktime_speed":1.0,"Skills":""},{"Id":83,"Name":"VEHICLE_83","Start_Point_Id":0,"End_Point_Id":0,"Capacity":200.0,"Volume":0.0,"Matrix_Index":0,"Max_run":1000000000000.0,"Max_Order_Count":1000000,"Attr":1,"LoadConstr":0,"TimeStart":0.0,"TimeEnd":1501.0,"delay_at_pt":0.0,"own_weight":200.0,"cost_vehicle":10000.0,"cost_distance":1.0,"cost_time":0.001,"cost_job":1E-08,"coefficient_of_delay":0.0,"ktime_speed":1.0,"Skills":""},{"Id":84,"Name":"VEHICLE_84","Start_Point_Id":0,"End_Point_Id":0,"Capacity":200.0,"Volume":0.0,"Matrix_Index":0,"Max_run":1000000000000.0,"Max_Order_Count":1000000,"Attr":1,"LoadConstr":0,"TimeStart":0.0,"TimeEnd":1501.0,"delay_at_pt":0.0,"own_weight":200.0,"cost_vehicle":10000.0,"cost_distance":1.0,"cost_time":0.001,"cost_job":1E-08,"coefficient_of_delay":0.0,"ktime_speed":1.0,"Skills":""},{"Id":85,"Name":"VEHICLE_85","Start_Point_Id":0,"End_Point_Id":0,"Capacity":200.0,"Volume":0.0,"Matrix_Index":0,"Max_run":1000000000000.0,"Max_Order_Count":1000000,"Attr":1,"LoadConstr":0,"TimeStart":0.0,"TimeEnd":1501.0,"delay_at_pt":0.0,"own_weight":200.0,"cost_vehicle":10000.0,"cost_distance":1.0,"cost_time":0.001,"cost_job":1E-08,"coefficient_of_delay":0.0,"ktime_speed":1.0,"Skills":""},{"Id":86,"Name":"VEHICLE_86","Start_Point_Id":0,"End_Point_Id":0,"Capacity":200.0,"Volume":0.0,"Matrix_Index":0,"Max_run":1000000000000.0,"Max_Order_Count":1000000,"Attr":1,"LoadConstr":0,"TimeStart":0.0,"TimeEnd":1501.0,"delay_at_pt":0.0,"own_weight":200.0,"cost_vehicle":10000.0,"cost_distance":1.0,"cost_time":0.001,"cost_job":1E-08,"coefficient_of_delay":0.0,"ktime_speed":1.0,"Skills":""},{"Id":87,"Name":"VEHICLE_87","Start_Point_Id":0,"End_Point_Id":0,"Capacity":200.0,"Volume":0.0,"Matrix_Index":0,"Max_run":1000000000000.0,"Max_Order_Count":1000000,"Attr":1,"LoadConstr":0,"TimeStart":0.0,"TimeEnd":1501.0,"delay_at_pt":0.0,"own_weight":200.0,"cost_vehicle":10000.0,"cost_distance":1.0,"cost_time":0.001,"cost_job":1E-08,"coefficient_of_delay":0.0,"ktime_speed":1.0,"Skills":""},{"Id":88,"Name":"VEHICLE_88","Start_Point_Id":0,"End_Point_Id":0,"Capacity":200.0,"Volume":0.0,"Matrix_Index":0,"Max_run":1000000000000.0,"Max_Order_Count":1000000,"Attr":1,"LoadConstr":0,"TimeStart":0.0,"TimeEnd":1501.0,"delay_at_pt":0.0,"own_weight":200.0,"cost_vehicle":10000.0,"cost_distance":1.0,"cost_time":0.001,"cost_job":1E-08,"coefficient_of_delay":0.0,"ktime_speed":1.0,"Skills":""},{"Id":89,"Name":"VEHICLE_89","Start_Point_Id":0,"End_Point_Id":0,"Capacity":200.0,"Volume":0.0,"Matrix_Index":0,"Max_run":1000000000000.0,"Max_Order_Count":1000000,"Attr":1,"LoadConstr":0,"TimeStart":0.0,"TimeEnd":1501.0,"delay_at_pt":0.0,"own_weight":200.0,"cost_vehicle":10000.0,"cost_distance":1.0,"cost_time":0.001,"cost_job":1E-08,"coefficient_of_delay":0.0,"ktime_speed":1.0,"Skills":""},{"Id":90,"Name":"VEHICLE_90","Start_Point_Id":0,"End_Point_Id":0,"Capacity":200.0,"Volume":0.0,"Matrix_Index":0,"Max_run":1000000000000.0,"Max_Order_Count":1000000,"Attr":1,"LoadConstr":0,"TimeStart":0.0,"TimeEnd":1501.0,"delay_at_pt":0.0,"own_weight":200.0,"cost_vehicle":10000.0,"cost_distance":1.0,"cost_time":0.001,"cost_job":1E-08,"coefficient_of_delay":0.0,"ktime_speed":1.0,"Skills":""},{"Id":91,"Name":"VEHICLE_91","Start_Point_Id":0,"End_Point_Id":0,"Capacity":200.0,"Volume":0.0,"Matrix_Index":0,"Max_run":1000000000000.0,"Max_Order_Count":1000000,"Attr":1,"LoadConstr":0,"TimeStart":0.0,"TimeEnd":1501.0,"delay_at_pt":0.0,"own_weight":200.0,"cost_vehicle":10000.0,"cost_distance":1.0,"cost_time":0.001,"cost_job":1E-08,"coefficient_of_delay":0.0,"ktime_speed":1.0,"Skills":""},{"Id":92,"Name":"VEHICLE_92","Start_Point_Id":0,"End_Point_Id":0,"Capacity":200.0,"Volume":0.0,"Matrix_Index":0,"Max_run":1000000000000.0,"Max_Order_Count":1000000,"Attr":1,"LoadConstr":0,"TimeStart":0.0,"TimeEnd":1501.0,"delay_at_pt":0.0,"own_weight":200.0,"cost_vehicle":10000.0,"cost_distance":1.0,"cost_time":0.001,"cost_job":1E-08,"coefficient_of_delay":0.0,"ktime_speed":1.0,"Skills":""},{"Id":93,"Name":"VEHICLE_93","Start_Point_Id":0,"End_Point_Id":0,"Capacity":200.0,"Volume":0.0,"Matrix_Index":0,"Max_run":1000000000000.0,"Max_Order_Count":1000000,"Attr":1,"LoadConstr":0,"TimeStart":0.0,"TimeEnd":1501.0,"delay_at_pt":0.0,"own_weight":200.0,"cost_vehicle":10000.0,"cost_distance":1.0,"cost_time":0.001,"cost_job":1E-08,"coefficient_of_delay":0.0,"ktime_speed":1.0,"Skills":""},{"Id":94,"Name":"VEHICLE_94","Start_Point_Id":0,"End_Point_Id":0,"Capacity":200.0,"Volume":0.0,"Matrix_Index":0,"Max_run":1000000000000.0,"Max_Order_Count":1000000,"Attr":1,"LoadConstr":0,"TimeStart":0.0,"TimeEnd":1501.0,"delay_at_pt":0.0,"own_weight":200.0,"cost_vehicle":10000.0,"cost_distance":1.0,"cost_time":0.001,"cost_job":1E-08,"coefficient_of_delay":0.0,"ktime_speed":1.0,"Skills":""},{"Id":95,"Name":"VEHICLE_95","Start_Point_Id":0,"End_Point_Id":0,"Capacity":200.0,"Volume":0.0,"Matrix_Index":0,"Max_run":1000000000000.0,"Max_Order_Count":1000000,"Attr":1,"LoadConstr":0,"TimeStart":0.0,"TimeEnd":1501.0,"delay_at_pt":0.0,"own_weight":200.0,"cost_vehicle":10000.0,"cost_distance":1.0,"cost_time":0.001,"cost_job":1E-08,"coefficient_of_delay":0.0,"ktime_speed":1.0,"Skills":""},{"Id":96,"Name":"VEHICLE_96","Start_Point_Id":0,"End_Point_Id":0,"Capacity":200.0,"Volume":0.0,"Matrix_Index":0,"Max_run":1000000000000.0,"Max_Order_Count":1000000,"Attr":1,"LoadConstr":0,"TimeStart":0.0,"TimeEnd":1501.0,"delay_at_pt":0.0,"own_weight":200.0,"cost_vehicle":10000.0,"cost_distance":1.0,"cost_time":0.001,"cost_job":1E-08,"coefficient_of_delay":0.0,"ktime_speed":1.0,"Skills":""},{"Id":97,"Name":"VEHICLE_97","Start_Point_Id":0,"End_Point_Id":0,"Capacity":200.0,"Volume":0.0,"Matrix_Index":0,"Max_run":1000000000000.0,"Max_Order_Count":1000000,"Attr":1,"LoadConstr":0,"TimeStart":0.0,"TimeEnd":1501.0,"delay_at_pt":0.0,"own_weight":200.0,"cost_vehicle":10000.0,"cost_distance":1.0,"cost_time":0.001,"cost_job":1E-08,"coefficient_of_delay":0.0,"ktime_speed":1.0,"Skills":""},{"Id":98,"Name":"VEHICLE_98","Start_Point_Id":0,"End_Point_Id":0,"Capacity":200.0,"Volume":0.0,"Matrix_Index":0,"Max_run":1000000000000.0,"Max_Order_Count":1000000,"Attr":1,"LoadConstr":0,"TimeStart":0.0,"TimeEnd":1501.0,"delay_at_pt":0.0,"own_weight":200.0,"cost_vehicle":10000.0,"cost_distance":1.0,"cost_time":0.001,"cost_job":1E-08,"coefficient_of_delay":0.0,"ktime_speed":1.0,"Skills":""},{"Id":99,"Name":"VEHICLE_99","Start_Point_Id":0,"End_Point_Id":0,"Capacity":200.0,"Volume":0.0,"Matrix_Index":0,"Max_run":1000000000000.0,"Max_Order_Count":1000000,"Attr":1,"LoadConstr":0,"TimeStart":0.0,"TimeEnd":1501.0,"delay_at_pt":0.0,"own_weight":200.0,"cost_vehicle":10000.0,"cost_distance":1.0,"cost_time":0.001,"cost_job":1E-08,"coefficient_of_delay":0.0,"ktime_speed":1.0,"Skills":""},{"Id":100,"Name":"VEHICLE_100","Start_Point_Id":0,"End_Point_Id":0,"Capacity":200.0,"Volume":0.0,"Matrix_Index":0,"Max_run":1000000000000.0,"Max_Order_Count":1000000,"Attr":1,"LoadConstr":0,"TimeStart":0.0,"TimeEnd":1501.0,"delay_at_pt":0.0,"own_weight":200.0,"cost_vehicle":10000.0,"cost_distance":1.0,"cost_time":0.001,"cost_job":1E-08,"coefficient_of_delay":0.0,"ktime_speed":1.0,"Skills":""}]