[
  {
    "Cargo_volume": 0,
    "Cargo_weight": 10,
    "CostOfDelay": 0,
    "Id": 1,
    "Name": "ORDER 001",
    "Point_from_id": 1,
    "Point_to_id": 2,
    "Skills": "",
    "TimeEndLoad": [
      230
    ],
    "TimeEndUnload": [
      181
    ],
    "TimeStartLoad": [
      0
    ],
    "TimeStartUnload": [
      151
    ],
    "TimeToLoad": 0,
    "TimeToUnload": 10,
    "adjust_UnloadTw": false
  },
  {
    "Cargo_volume": 0,
    "Cargo_weight": 7,
    "CostOfDelay": 0,
    "Id": 2,
    "Name": "ORDER 002",
    "Point_from_id": 1,
    "Point_to_id": 3,
    "Skills": "",
    "TimeEndLoad": [
      230
    ],
    "TimeEndUnload": [
      70
    ],
    "TimeStartLoad": [
      0
    ],
    "TimeStartUnload": [
      40
    ],
    "TimeToLoad": 0,
    "TimeToUnload": 10,
    "adjust_UnloadTw": false
  },
  {
    "Cargo_volume": 0,
    "Cargo_weight": 13,
    "CostOfDelay": 0,
    "Id": 3,
    "Name": "ORDER 003",
    "Point_from_id": 1,
    "Point_to_id": 4,
    "Skills": "",
    "TimeEndLoad": [
      230
    ],
    "TimeEndUnload": [
      136
    ],
    "TimeStartLoad": [
      0
    ],
    "TimeStartUnload": [
      106
    ],
    "TimeToLoad": 0,
    "TimeToUnload": 10,
    "adjust_UnloadTw": false
  },
  {
    "Cargo_volume": 0,
    "Cargo_weight": 19,
    "CostOfDelay": 0,
    "Id": 4,
    "Name": "ORDER 004",
    "Point_from_id": 1,
    "Point_to_id": 5,
    "Skills": "",
    "TimeEndLoad": [
      230
    ],
    "TimeEndUnload": [
      169
    ],
    "TimeStartLoad": [
      0
    ],
    "TimeStartUnload": [
      139
    ],
    "TimeToLoad": 0,
    "TimeToUnload": 10,
    "adjust_UnloadTw": false
  },
  {
    "Cargo_volume": 0,
    "Cargo_weight": 26,
    "CostOfDelay": 0,
    "Id": 5,
    "Name": "ORDER 005",
    "Point_from_id": 1,
    "Point_to_id": 6,
    "Skills": "",
    "TimeEndLoad": [
      230
    ],
    "TimeEndUnload": [
      54
    ],
    "TimeStartLoad": [
      0
    ],
    "TimeStartUnload": [
      24
    ],
    "TimeToLoad": 0,
    "TimeToUnload": 10,
    "adjust_UnloadTw": false
  },
  {
    "Cargo_volume": 0,
    "Cargo_weight": 3,
    "CostOfDelay": 0,
    "Id": 6,
    "Name": "ORDER 006",
    "Point_from_id": 1,
    "Point_to_id": 7,
    "Skills": "",
    "TimeEndLoad": [
      230
    ],
    "TimeEndUnload": [
      119
    ],
    "TimeStartLoad": [
      0
    ],
    "TimeStartUnload": [
      89
    ],
    "TimeToLoad": 0,
    "TimeToUnload": 10,
    "adjust_UnloadTw": false
  },
  {
    "Cargo_volume": 0,
    "Cargo_weight": 5,
    "CostOfDelay": 0,
    "Id": 7,
    "Name": "ORDER 007",
    "Point_from_id": 1,
    "Point_to_id": 8,
    "Skills": "",
    "TimeEndLoad": [
      230
    ],
    "TimeEndUnload": [
      101
    ],
    "TimeStartLoad": [
      0
    ],
    "TimeStartUnload": [
      71
    ],
    "TimeToLoad": 0,
    "TimeToUnload": 10,
    "adjust_UnloadTw": false
  },
  {
    "Cargo_volume": 0,
    "Cargo_weight": 9,
    "CostOfDelay": 0,
    "Id": 8,
    "Name": "ORDER 008",
    "Point_from_id": 1,
    "Point_to_id": 9,
    "Skills": "",
    "TimeEndLoad": [
      230
    ],
    "TimeEndUnload": [
      115
    ],
    "TimeStartLoad": [
      0
    ],
    "TimeStartUnload": [
      85
    ],
    "TimeToLoad": 0,
    "TimeToUnload": 10,
    "adjust_UnloadTw": false
  },
  {
    "Cargo_volume": 0,
    "Cargo_weight": 16,
    "CostOfDelay": 0,
    "Id": 9,
    "Name": "ORDER 009",
    "Point_from_id": 1,
    "Point_to_id": 10,
    "Skills": "",
    "TimeEndLoad": [
      230
    ],
    "TimeEndUnload": [
      117
    ],
    "TimeStartLoad": [
      0
    ],
    "TimeStartUnload": [
      87
    ],
    "TimeToLoad": 0,
    "TimeToUnload": 10,
    "adjust_UnloadTw": false
  },
  {
    "Cargo_volume": 0,
    "Cargo_weight": 16,
    "CostOfDelay": 0,
    "Id": 10,
    "Name": "ORDER 010",
    "Point_from_id": 1,
    "Point_to_id": 11,
    "Skills": "",
    "TimeEndLoad": [
      230
    ],
    "TimeEndUnload": [
      144
    ],
    "TimeStartLoad": [
      0
    ],
    "TimeStartUnload": [
      114
    ],
    "TimeToLoad": 0,
    "TimeToUnload": 10,
    "adjust_UnloadTw": false
  },
  {
    "Cargo_volume": 0,
    "Cargo_weight": 12,
    "CostOfDelay": 0,
    "Id": 11,
    "Name": "ORDER 011",
    "Point_from_id": 1,
    "Point_to_id": 12,
    "Skills": "",
    "TimeEndLoad": [
      230
    ],
    "TimeEndUnload": [
      87
    ],
    "TimeStartLoad": [
      0
    ],
    "TimeStartUnload": [
      57
    ],
    "TimeToLoad": 0,
    "TimeToUnload": 10,
    "adjust_UnloadTw": false
  },
  {
    "Cargo_volume": 0,
    "Cargo_weight": 19,
    "CostOfDelay": 0,
    "Id": 12,
    "Name": "ORDER 012",
    "Point_from_id": 1,
    "Point_to_id": 13,
    "Skills": "",
    "TimeEndLoad": [
      230
    ],
    "TimeEndUnload": [
      83
    ],
    "TimeStartLoad": [
      0
    ],
    "TimeStartUnload": [
      53
    ],
    "TimeToLoad": 0,
    "TimeToUnload": 10,
    "adjust_UnloadTw": false
  },
  {
    "Cargo_volume": 0,
    "Cargo_weight": 23,
    "CostOfDelay": 0,
    "Id": 13,
    "Name": "ORDER 013",
    "Point_from_id": 1,
    "Point_to_id": 14,
    "Skills": "",
    "TimeEndLoad": [
      230
    ],
    "TimeEndUnload": [
      179
    ],
    "TimeStartLoad": [
      0
    ],
    "TimeStartUnload": [
      149
    ],
    "TimeToLoad": 0,
    "TimeToUnload": 10,
    "adjust_UnloadTw": false
  },
  {
    "Cargo_volume": 0,
    "Cargo_weight": 20,
    "CostOfDelay": 0,
    "Id": 14,
    "Name": "ORDER 014",
    "Point_from_id": 1,
    "Point_to_id": 15,
    "Skills": "",
    "TimeEndLoad": [
      230
    ],
    "TimeEndUnload": [
      62
    ],
    "TimeStartLoad": [
      0
    ],
    "TimeStartUnload": [
      32
    ],
    "TimeToLoad": 0,
    "TimeToUnload": 10,
    "adjust_UnloadTw": false
  },
  {
    "Cargo_volume": 0,
    "Cargo_weight": 8,
    "CostOfDelay": 0,
    "Id": 15,
    "Name": "ORDER 015",
    "Point_from_id": 1,
    "Point_to_id": 16,
    "Skills": "",
    "TimeEndLoad": [
      230
    ],
    "TimeEndUnload": [
      81
    ],
    "TimeStartLoad": [
      0
    ],
    "TimeStartUnload": [
      51
    ],
    "TimeToLoad": 0,
    "TimeToUnload": 10,
    "adjust_UnloadTw": false
  },
  {
    "Cargo_volume": 0,
    "Cargo_weight": 19,
    "CostOfDelay": 0,
    "Id": 16,
    "Name": "ORDER 016",
    "Point_from_id": 1,
    "Point_to_id": 17,
    "Skills": "",
    "TimeEndLoad": [
      230
    ],
    "TimeEndUnload": [
      95
    ],
    "TimeStartLoad": [
      0
    ],
    "TimeStartUnload": [
      65
    ],
    "TimeToLoad": 0,
    "TimeToUnload": 10,
    "adjust_UnloadTw": false
  },
  {
    "Cargo_volume": 0,
    "Cargo_weight": 2,
    "CostOfDelay": 0,
    "Id": 17,
    "Name": "ORDER 017",
    "Point_from_id": 1,
    "Point_to_id": 18,
    "Skills": "",
    "TimeEndLoad": [
      230
    ],
    "TimeEndUnload": [
      177
    ],
    "TimeStartLoad": [
      0
    ],
    "TimeStartUnload": [
      147
    ],
    "TimeToLoad": 0,
    "TimeToUnload": 10,
    "adjust_UnloadTw": false
  },
  {
    "Cargo_volume": 0,
    "Cargo_weight": 12,
    "CostOfDelay": 0,
    "Id": 18,
    "Name": "ORDER 018",
    "Point_from_id": 1,
    "Point_to_id": 19,
    "Skills": "",
    "TimeEndLoad": [
      230
    ],
    "TimeEndUnload": [
      107
    ],
    "TimeStartLoad": [
      0
    ],
    "TimeStartUnload": [
      77
    ],
    "TimeToLoad": 0,
    "TimeToUnload": 10,
    "adjust_UnloadTw": false
  },
  {
    "Cargo_volume": 0,
    "Cargo_weight": 17,
    "CostOfDelay": 0,
    "Id": 19,
    "Name": "ORDER 019",
    "Point_from_id": 1,
    "Point_to_id": 20,
    "Skills": "",
    "TimeEndLoad": [
      230
    ],
    "TimeEndUnload": [
      96
    ],
    "TimeStartLoad": [
      0
    ],
    "TimeStartUnload": [
      66
    ],
    "TimeToLoad": 0,
    "TimeToUnload": 10,
    "adjust_UnloadTw": false
  },
  {
    "Cargo_volume": 0,
    "Cargo_weight": 9,
    "CostOfDelay": 0,
    "Id": 20,
    "Name": "ORDER 020",
    "Point_from_id": 1,
    "Point_to_id": 21,
    "Skills": "",
    "TimeEndLoad": [
      230
    ],
    "TimeEndUnload": [
      146
    ],
    "TimeStartLoad": [
      0
    ],
    "TimeStartUnload": [
      116
    ],
    "TimeToLoad": 0,
    "TimeToUnload": 10,
    "adjust_UnloadTw": false
  },
  {
    "Cargo_volume": 0,
    "Cargo_weight": 11,
    "CostOfDelay": 0,
    "Id": 21,
    "Name": "ORDER 021",
    "Point_from_id": 1,
    "Point_to_id": 22,
    "Skills": "",
    "TimeEndLoad": [
      230
    ],
    "TimeEndUnload": [
      82
    ],
    "TimeStartLoad": [
      0
    ],
    "TimeStartUnload": [
      52
    ],
    "TimeToLoad": 0,
    "TimeToUnload": 10,
    "adjust_UnloadTw": false
  },
  {
    "Cargo_volume": 0,
    "Cargo_weight": 18,
    "CostOfDelay": 0,
    "Id": 22,
    "Name": "ORDER 022",
    "Point_from_id": 1,
    "Point_to_id": 23,
    "Skills": "",
    "TimeEndLoad": [
      230
    ],
    "TimeEndUnload": [
      117
    ],
    "TimeStartLoad": [
      0
    ],
    "TimeStartUnload": [
      87
    ],
    "TimeToLoad": 0,
    "TimeToUnload": 10,
    "adjust_UnloadTw": false
  },
  {
    "Cargo_volume": 0,
    "Cargo_weight": 29,
    "CostOfDelay": 0,
    "Id": 23,
    "Name": "ORDER 023",
    "Point_from_id": 1,
    "Point_to_id": 24,
    "Skills": "",
    "TimeEndLoad": [
      230
    ],
    "TimeEndUnload": [
      88
    ],
    "TimeStartLoad": [
      0
    ],
    "TimeStartUnload": [
      58
    ],
    "TimeToLoad": 0,
    "TimeToUnload": 10,
    "adjust_UnloadTw": false
  },
  {
    "Cargo_volume": 0,
    "Cargo_weight": 3,
    "CostOfDelay": 0,
    "Id": 24,
    "Name": "ORDER 024",
    "Point_from_id": 1,
    "Point_to_id": 25,
    "Skills": "",
    "TimeEndLoad": [
      230
    ],
    "TimeEndUnload": [
      173
    ],
    "TimeStartLoad": [
      0
    ],
    "TimeStartUnload": [
      143
    ],
    "TimeToLoad": 0,
    "TimeToUnload": 10,
    "adjust_UnloadTw": false
  },
  {
    "Cargo_volume": 0,
    "Cargo_weight": 6,
    "CostOfDelay": 0,
    "Id": 25,
    "Name": "ORDER 025",
    "Point_from_id": 1,
    "Point_to_id": 26,
    "Skills": "",
    "TimeEndLoad": [
      230
    ],
    "TimeEndUnload": [
      186
    ],
    "TimeStartLoad": [
      0
    ],
    "TimeStartUnload": [
      156
    ],
    "TimeToLoad": 0,
    "TimeToUnload": 10,
    "adjust_UnloadTw": false
  },
  {
    "Cargo_volume": 0,
    "Cargo_weight": 17,
    "CostOfDelay": 0,
    "Id": 26,
    "Name": "ORDER 026",
    "Point_from_id": 1,
    "Point_to_id": 27,
    "Skills": "",
    "TimeEndLoad": [
      230
    ],
    "TimeEndUnload": [
      152
    ],
    "TimeStartLoad": [
      0
    ],
    "TimeStartUnload": [
      122
    ],
    "TimeToLoad": 0,
    "TimeToUnload": 10,
    "adjust_UnloadTw": false
  },
  {
    "Cargo_volume": 0,
    "Cargo_weight": 16,
    "CostOfDelay": 0,
    "Id": 27,
    "Name": "ORDER 027",
    "Point_from_id": 1,
    "Point_to_id": 28,
    "Skills": "",
    "TimeEndLoad": [
      230
    ],
    "TimeEndUnload": [
      57
    ],
    "TimeStartLoad": [
      0
    ],
    "TimeStartUnload": [
      27
    ],
    "TimeToLoad": 0,
    "TimeToUnload": 10,
    "adjust_UnloadTw": false
  },
  {
    "Cargo_volume": 0,
    "Cargo_weight": 16,
    "CostOfDelay": 0,
    "Id": 28,
    "Name": "ORDER 028",
    "Point_from_id": 1,
    "Point_to_id": 29,
    "Skills": "",
    "TimeEndLoad": [
      230
    ],
    "TimeEndUnload": [
      59
    ],
    "TimeStartLoad": [
      0
    ],
    "TimeStartUnload": [
      29
    ],
    "TimeToLoad": 0,
    "TimeToUnload": 10,
    "adjust_UnloadTw": false
  },
  {
    "Cargo_volume": 0,
    "Cargo_weight": 9,
    "CostOfDelay": 0,
    "Id": 29,
    "Name": "ORDER 029",
    "Point_from_id": 1,
    "Point_to_id": 30,
    "Skills": "",
    "TimeEndLoad": [
      230
    ],
    "TimeEndUnload": [
      83
    ],
    "TimeStartLoad": [
      0
    ],
    "TimeStartUnload": [
      53
    ],
    "TimeToLoad": 0,
    "TimeToUnload": 10,
    "adjust_UnloadTw": false
  },
  {
    "Cargo_volume": 0,
    "Cargo_weight": 21,
    "CostOfDelay": 0,
    "Id": 30,
    "Name": "ORDER 030",
    "Point_from_id": 1,
    "Point_to_id": 31,
    "Skills": "",
    "TimeEndLoad": [
      230
    ],
    "TimeEndUnload": [
      91
    ],
    "TimeStartLoad": [
      0
    ],
    "TimeStartUnload": [
      61
    ],
    "TimeToLoad": 0,
    "TimeToUnload": 10,
    "adjust_UnloadTw": false
  },
  {
    "Cargo_volume": 0,
    "Cargo_weight": 27,
    "CostOfDelay": 0,
    "Id": 31,
    "Name": "ORDER 031",
    "Point_from_id": 1,
    "Point_to_id": 32,
    "Skills": "",
    "TimeEndLoad": [
      230
    ],
    "TimeEndUnload": [
      70
    ],
    "TimeStartLoad": [
      0
    ],
    "TimeStartUnload": [
      40
    ],
    "TimeToLoad": 0,
    "TimeToUnload": 10,
    "adjust_UnloadTw": false
  },
  {
    "Cargo_volume": 0,
    "Cargo_weight": 23,
    "CostOfDelay": 0,
    "Id": 32,
    "Name": "ORDER 032",
    "Point_from_id": 1,
    "Point_to_id": 33,
    "Skills": "",
    "TimeEndLoad": [
      230
    ],
    "TimeEndUnload": [
      161
    ],
    "TimeStartLoad": [
      0
    ],
    "TimeStartUnload": [
      131
    ],
    "TimeToLoad": 0,
    "TimeToUnload": 10,
    "adjust_UnloadTw": false
  },
  {
    "Cargo_volume": 0,
    "Cargo_weight": 11,
    "CostOfDelay": 0,
    "Id": 33,
    "Name": "ORDER 033",
    "Point_from_id": 1,
    "Point_to_id": 34,
    "Skills": "",
    "TimeEndLoad": [
      230
    ],
    "TimeEndUnload": [
      57
    ],
    "TimeStartLoad": [
      0
    ],
    "TimeStartUnload": [
      27
    ],
    "TimeToLoad": 0,
    "TimeToUnload": 10,
    "adjust_UnloadTw": false
  },
  {
    "Cargo_volume": 0,
    "Cargo_weight": 14,
    "CostOfDelay": 0,
    "Id": 34,
    "Name": "ORDER 034",
    "Point_from_id": 1,
    "Point_to_id": 35,
    "Skills": "",
    "TimeEndLoad": [
      230
    ],
    "TimeEndUnload": [
      137
    ],
    "TimeStartLoad": [
      0
    ],
    "TimeStartUnload": [
      107
    ],
    "TimeToLoad": 0,
    "TimeToUnload": 10,
    "adjust_UnloadTw": false
  },
  {
    "Cargo_volume": 0,
    "Cargo_weight": 8,
    "CostOfDelay": 0,
    "Id": 35,
    "Name": "ORDER 035",
    "Point_from_id": 1,
    "Point_to_id": 36,
    "Skills": "",
    "TimeEndLoad": [
      230
    ],
    "TimeEndUnload": [
      163
    ],
    "TimeStartLoad": [
      0
    ],
    "TimeStartUnload": [
      133
    ],
    "TimeToLoad": 0,
    "TimeToUnload": 10,
    "adjust_UnloadTw": false
  },
  {
    "Cargo_volume": 0,
    "Cargo_weight": 5,
    "CostOfDelay": 0,
    "Id": 36,
    "Name": "ORDER 036",
    "Point_from_id": 1,
    "Point_to_id": 37,
    "Skills": "",
    "TimeEndLoad": [
      230
    ],
    "TimeEndUnload": [
      71
    ],
    "TimeStartLoad": [
      0
    ],
    "TimeStartUnload": [
      41
    ],
    "TimeToLoad": 0,
    "TimeToUnload": 10,
    "adjust_UnloadTw": false
  },
  {
    "Cargo_volume": 0,
    "Cargo_weight": 8,
    "CostOfDelay": 0,
    "Id": 37,
    "Name": "ORDER 037",
    "Point_from_id": 1,
    "Point_to_id": 38,
    "Skills": "",
    "TimeEndLoad": [
      230
    ],
    "TimeEndUnload": [
      154
    ],
    "TimeStartLoad": [
      0
    ],
    "TimeStartUnload": [
      124
    ],
    "TimeToLoad": 0,
    "TimeToUnload": 10,
    "adjust_UnloadTw": false
  },
  {
    "Cargo_volume": 0,
    "Cargo_weight": 16,
    "CostOfDelay": 0,
    "Id": 38,
    "Name": "ORDER 038",
    "Point_from_id": 1,
    "Point_to_id": 39,
    "Skills": "",
    "TimeEndLoad": [
      230
    ],
    "TimeEndUnload": [
      103
    ],
    "TimeStartLoad": [
      0
    ],
    "TimeStartUnload": [
      73
    ],
    "TimeToLoad": 0,
    "TimeToUnload": 10,
    "adjust_UnloadTw": false
  },
  {
    "Cargo_volume": 0,
    "Cargo_weight": 31,
    "CostOfDelay": 0,
    "Id": 39,
    "Name": "ORDER 039",
    "Point_from_id": 1,
    "Point_to_id": 40,
    "Skills": "",
    "TimeEndLoad": [
      230
    ],
    "TimeEndUnload": [
      64
    ],
    "TimeStartLoad": [
      0
    ],
    "TimeStartUnload": [
      34
    ],
    "TimeToLoad": 0,
    "TimeToUnload": 10,
    "adjust_UnloadTw": false
  },
  {
    "Cargo_volume": 0,
    "Cargo_weight": 9,
    "CostOfDelay": 0,
    "Id": 40,
    "Name": "ORDER 040",
    "Point_from_id": 1,
    "Point_to_id": 41,
    "Skills": "",
    "TimeEndLoad": [
      230
    ],
    "TimeEndUnload": [
      105
    ],
    "TimeStartLoad": [
      0
    ],
    "TimeStartUnload": [
      75
    ],
    "TimeToLoad": 0,
    "TimeToUnload": 10,
    "adjust_UnloadTw": false
  },
  {
    "Cargo_volume": 0,
    "Cargo_weight": 5,
    "CostOfDelay": 0,
    "Id": 41,
    "Name": "ORDER 041",
    "Point_from_id": 1,
    "Point_to_id": 42,
    "Skills": "",
    "TimeEndLoad": [
      230
    ],
    "TimeEndUnload": [
      117
    ],
    "TimeStartLoad": [
      0
    ],
    "TimeStartUnload": [
      87
    ],
    "TimeToLoad": 0,
    "TimeToUnload": 10,
    "adjust_UnloadTw": false
  },
  {
    "Cargo_volume": 0,
    "Cargo_weight": 5,
    "CostOfDelay": 0,
    "Id": 42,
    "Name": "ORDER 042",
    "Point_from_id": 1,
    "Point_to_id": 43,
    "Skills": "",
    "TimeEndLoad": [
      230
    ],
    "TimeEndUnload": [
      55
    ],
    "TimeStartLoad": [
      0
    ],
    "TimeStartUnload": [
      25
    ],
    "TimeToLoad": 0,
    "TimeToUnload": 10,
    "adjust_UnloadTw": false
  },
  {
    "Cargo_volume": 0,
    "Cargo_weight": 7,
    "CostOfDelay": 0,
    "Id": 43,
    "Name": "ORDER 043",
    "Point_from_id": 1,
    "Point_to_id": 44,
    "Skills": "",
    "TimeEndLoad": [
      230
    ],
    "TimeEndUnload": [
      152
    ],
    "TimeStartLoad": [
      0
    ],
    "TimeStartUnload": [
      122
    ],
    "TimeToLoad": 0,
    "TimeToUnload": 10,
    "adjust_UnloadTw": false
  },
  {
    "Cargo_volume": 0,
    "Cargo_weight": 18,
    "CostOfDelay": 0,
    "Id": 44,
    "Name": "ORDER 044",
    "Point_from_id": 1,
    "Point_to_id": 45,
    "Skills": "",
    "TimeEndLoad": [
      230
    ],
    "TimeEndUnload": [
      89
    ],
    "TimeStartLoad": [
      0
    ],
    "TimeStartUnload": [
      59
    ],
    "TimeToLoad": 0,
    "TimeToUnload": 10,
    "adjust_UnloadTw": false
  },
  {
    "Cargo_volume": 0,
    "Cargo_weight": 16,
    "CostOfDelay": 0,
    "Id": 45,
    "Name": "ORDER 045",
    "Point_from_id": 1,
    "Point_to_id": 46,
    "Skills": "",
    "TimeEndLoad": [
      230
    ],
    "TimeEndUnload": [
      59
    ],
    "TimeStartLoad": [
      0
    ],
    "TimeStartUnload": [
      29
    ],
    "TimeToLoad": 0,
    "TimeToUnload": 10,
    "adjust_UnloadTw": false
  },
  {
    "Cargo_volume": 0,
    "Cargo_weight": 1,
    "CostOfDelay": 0,
    "Id": 46,
    "Name": "ORDER 046",
    "Point_from_id": 1,
    "Point_to_id": 47,
    "Skills": "",
    "TimeEndLoad": [
      230
    ],
    "TimeEndUnload": [
      137
    ],
    "TimeStartLoad": [
      0
    ],
    "TimeStartUnload": [
      107
    ],
    "TimeToLoad": 0,
    "TimeToUnload": 10,
    "adjust_UnloadTw": false
  },
  {
    "Cargo_volume": 0,
    "Cargo_weight": 27,
    "CostOfDelay": 0,
    "Id": 47,
    "Name": "ORDER 047",
    "Point_from_id": 1,
    "Point_to_id": 48,
    "Skills": "",
    "TimeEndLoad": [
      230
    ],
    "TimeEndUnload": [
      71
    ],
    "TimeStartLoad": [
      0
    ],
    "TimeStartUnload": [
      41
    ],
    "TimeToLoad": 0,
    "TimeToUnload": 10,
    "adjust_UnloadTw": false
  },
  {
    "Cargo_volume": 0,
    "Cargo_weight": 36,
    "CostOfDelay": 0,
    "Id": 48,
    "Name": "ORDER 048",
    "Point_from_id": 1,
    "Point_to_id": 49,
    "Skills": "",
    "TimeEndLoad": [
      230
    ],
    "TimeEndUnload": [
      185
    ],
    "TimeStartLoad": [
      0
    ],
    "TimeStartUnload": [
      155
    ],
    "TimeToLoad": 0,
    "TimeToUnload": 10,
    "adjust_UnloadTw": false
  },
  {
    "Cargo_volume": 0,
    "Cargo_weight": 30,
    "CostOfDelay": 0,
    "Id": 49,
    "Name": "ORDER 049",
    "Point_from_id": 1,
    "Point_to_id": 50,
    "Skills": "",
    "TimeEndLoad": [
      230
    ],
    "TimeEndUnload": [
      128
    ],
    "TimeStartLoad": [
      0
    ],
    "TimeStartUnload": [
      98
    ],
    "TimeToLoad": 0,
    "TimeToUnload": 10,
    "adjust_UnloadTw": false
  },
  {
    "Cargo_volume": 0,
    "Cargo_weight": 13,
    "CostOfDelay": 0,
    "Id": 50,
    "Name": "ORDER 050",
    "Point_from_id": 1,
    "Point_to_id": 51,
    "Skills": "",
    "TimeEndLoad": [
      230
    ],
    "TimeEndUnload": [
      144
    ],
    "TimeStartLoad": [
      0
    ],
    "TimeStartUnload": [
      114
    ],
    "TimeToLoad": 0,
    "TimeToUnload": 10,
    "adjust_UnloadTw": false
  },
  {
    "Cargo_volume": 0,
    "Cargo_weight": 10,
    "CostOfDelay": 0,
    "Id": 51,
    "Name": "ORDER 051",
    "Point_from_id": 1,
    "Point_to_id": 52,
    "Skills": "",
    "TimeEndLoad": [
      230
    ],
    "TimeEndUnload": [
      108
    ],
    "TimeStartLoad": [
      0
    ],
    "TimeStartUnload": [
      78
    ],
    "TimeToLoad": 0,
    "TimeToUnload": 10,
    "adjust_UnloadTw": false
  },
  {
    "Cargo_volume": 0,
    "Cargo_weight": 9,
    "CostOfDelay": 0,
    "Id": 52,
    "Name": "ORDER 052",
    "Point_from_id": 1,
    "Point_to_id": 53,
    "Skills": "",
    "TimeEndLoad": [
      230
    ],
    "TimeEndUnload": [
      72
    ],
    "TimeStartLoad": [
      0
    ],
    "TimeStartUnload": [
      42
    ],
    "TimeToLoad": 0,
    "TimeToUnload": 10,
    "adjust_UnloadTw": false
  },
  {
    "Cargo_volume": 0,
    "Cargo_weight": 14,
    "CostOfDelay": 0,
    "Id": 53,
    "Name": "ORDER 053",
    "Point_from_id": 1,
    "Point_to_id": 54,
    "Skills": "",
    "TimeEndLoad": [
      230
    ],
    "TimeEndUnload": [
      115
    ],
    "TimeStartLoad": [
      0
    ],
    "TimeStartUnload": [
      85
    ],
    "TimeToLoad": 0,
    "TimeToUnload": 10,
    "adjust_UnloadTw": false
  },
  {
    "Cargo_volume": 0,
    "Cargo_weight": 18,
    "CostOfDelay": 0,
    "Id": 54,
    "Name": "ORDER 054",
    "Point_from_id": 1,
    "Point_to_id": 55,
    "Skills": "",
    "TimeEndLoad": [
      230
    ],
    "TimeEndUnload": [
      160
    ],
    "TimeStartLoad": [
      0
    ],
    "TimeStartUnload": [
      130
    ],
    "TimeToLoad": 0,
    "TimeToUnload": 10,
    "adjust_UnloadTw": false
  },
  {
    "Cargo_volume": 0,
    "Cargo_weight": 2,
    "CostOfDelay": 0,
    "Id": 55,
    "Name": "ORDER 055",
    "Point_from_id": 1,
    "Point_to_id": 56,
    "Skills": "",
    "TimeEndLoad": [
      230
    ],
    "TimeEndUnload": [
      156
    ],
    "TimeStartLoad": [
      0
    ],
    "TimeStartUnload": [
      126
    ],
    "TimeToLoad": 0,
    "TimeToUnload": 10,
    "adjust_UnloadTw": false
  },
  {
    "Cargo_volume": 0,
    "Cargo_weight": 6,
    "CostOfDelay": 0,
    "Id": 56,
    "Name": "ORDER 056",
    "Point_from_id": 1,
    "Point_to_id": 57,
    "Skills": "",
    "TimeEndLoad": [
      230
    ],
    "TimeEndUnload": [
      150
    ],
    "TimeStartLoad": [
      0
    ],
    "TimeStartUnload": [
      120
    ],
    "TimeToLoad": 0,
    "TimeToUnload": 10,
    "adjust_UnloadTw": false
  },
  {
    "Cargo_volume": 0,
    "Cargo_weight": 7,
    "CostOfDelay": 0,
    "Id": 57,
    "Name": "ORDER 057",
    "Point_from_id": 1,
    "Point_to_id": 58,
    "Skills": "",
    "TimeEndLoad": [
      230
    ],
    "TimeEndUnload": [
      121
    ],
    "TimeStartLoad": [
      0
    ],
    "TimeStartUnload": [
      91
    ],
    "TimeToLoad": 0,
    "TimeToUnload": 10,
    "adjust_UnloadTw": false
  },
  {
    "Cargo_volume": 0,
    "Cargo_weight": 18,
    "CostOfDelay": 0,
    "Id": 58,
    "Name": "ORDER 058",
    "Point_from_id": 1,
    "Point_to_id": 59,
    "Skills": "",
    "TimeEndLoad": [
      230
    ],
    "TimeEndUnload": [
      210
    ],
    "TimeStartLoad": [
      0
    ],
    "TimeStartUnload": [
      180
    ],
    "TimeToLoad": 0,
    "TimeToUnload": 10,
    "adjust_UnloadTw": false
  },
  {
    "Cargo_volume": 0,
    "Cargo_weight": 28,
    "CostOfDelay": 0,
    "Id": 59,
    "Name": "ORDER 059",
    "Point_from_id": 1,
    "Point_to_id": 60,
    "Skills": "",
    "TimeEndLoad": [
      230
    ],
    "TimeEndUnload": [
      47
    ],
    "TimeStartLoad": [
      0
    ],
    "TimeStartUnload": [
      17
    ],
    "TimeToLoad": 0,
    "TimeToUnload": 10,
    "adjust_UnloadTw": false
  },
  {
    "Cargo_volume": 0,
    "Cargo_weight": 3,
    "CostOfDelay": 0,
    "Id": 60,
    "Name": "ORDER 060",
    "Point_from_id": 1,
    "Point_to_id": 61,
    "Skills": "",
    "TimeEndLoad": [
      230
    ],
    "TimeEndUnload": [
      182
    ],
    "TimeStartLoad": [
      0
    ],
    "TimeStartUnload": [
      152
    ],
    "TimeToLoad": 0,
    "TimeToUnload": 10,
    "adjust_UnloadTw": false
  },
  {
    "Cargo_volume": 0,
    "Cargo_weight": 13,
    "CostOfDelay": 0,
    "Id": 61,
    "Name": "ORDER 061",
    "Point_from_id": 1,
    "Point_to_id": 62,
    "Skills": "",
    "TimeEndLoad": [
      230
    ],
    "TimeEndUnload": [
      96
    ],
    "TimeStartLoad": [
      0
    ],
    "TimeStartUnload": [
      66
    ],
    "TimeToLoad": 0,
    "TimeToUnload": 10,
    "adjust_UnloadTw": false
  },
  {
    "Cargo_volume": 0,
    "Cargo_weight": 19,
    "CostOfDelay": 0,
    "Id": 62,
    "Name": "ORDER 062",
    "Point_from_id": 1,
    "Point_to_id": 63,
    "Skills": "",
    "TimeEndLoad": [
      230
    ],
    "TimeEndUnload": [
      78
    ],
    "TimeStartLoad": [
      0
    ],
    "TimeStartUnload": [
      48
    ],
    "TimeToLoad": 0,
    "TimeToUnload": 10,
    "adjust_UnloadTw": false
  },
  {
    "Cargo_volume": 0,
    "Cargo_weight": 10,
    "CostOfDelay": 0,
    "Id": 63,
    "Name": "ORDER 063",
    "Point_from_id": 1,
    "Point_to_id": 64,
    "Skills": "",
    "TimeEndLoad": [
      230
    ],
    "TimeEndUnload": [
      64
    ],
    "TimeStartLoad": [
      0
    ],
    "TimeStartUnload": [
      34
    ],
    "TimeToLoad": 0,
    "TimeToUnload": 10,
    "adjust_UnloadTw": false
  },
  {
    "Cargo_volume": 0,
    "Cargo_weight": 9,
    "CostOfDelay": 0,
    "Id": 64,
    "Name": "ORDER 064",
    "Point_from_id": 1,
    "Point_to_id": 65,
    "Skills": "",
    "TimeEndLoad": [
      230
    ],
    "TimeEndUnload": [
      93
    ],
    "TimeStartLoad": [
      0
    ],
    "TimeStartUnload": [
      63
    ],
    "TimeToLoad": 0,
    "TimeToUnload": 10,
    "adjust_UnloadTw": false
  },
  {
    "Cargo_volume": 0,
    "Cargo_weight": 20,
    "CostOfDelay": 0,
    "Id": 65,
    "Name": "ORDER 065",
    "Point_from_id": 1,
    "Point_to_id": 66,
    "Skills": "",
    "TimeEndLoad": [
      230
    ],
    "TimeEndUnload": [
      79
    ],
    "TimeStartLoad": [
      0
    ],
    "TimeStartUnload": [
      49
    ],
    "TimeToLoad": 0,
    "TimeToUnload": 10,
    "adjust_UnloadTw": false
  },
  {
    "Cargo_volume": 0,
    "Cargo_weight": 25,
    "CostOfDelay": 0,
    "Id": 66,
    "Name": "ORDER 066",
    "Point_from_id": 1,
    "Point_to_id": 67,
    "Skills": "",
    "TimeEndLoad": [
      230
    ],
    "TimeEndUnload": [
      147
    ],
    "TimeStartLoad": [
      0
    ],
    "TimeStartUnload": [
      117
    ],
    "TimeToLoad": 0,
    "TimeToUnload": 10,
    "adjust_UnloadTw": false
  },
  {
    "Cargo_volume": 0,
    "Cargo_weight": 25,
    "CostOfDelay": 0,
    "Id": 67,
    "Name": "ORDER 067",
    "Point_from_id": 1,
    "Point_to_id": 68,
    "Skills": "",
    "TimeEndLoad": [
      230
    ],
    "TimeEndUnload": [
      103
    ],
    "TimeStartLoad": [
      0
    ],
    "TimeStartUnload": [
      73
    ],
    "TimeToLoad": 0,
    "TimeToUnload": 10,
    "adjust_UnloadTw": false
  },
  {
    "Cargo_volume": 0,
    "Cargo_weight": 36,
    "CostOfDelay": 0,
    "Id": 68,
    "Name": "ORDER 068",
    "Point_from_id": 1,
    "Point_to_id": 69,
    "Skills": "",
    "TimeEndLoad": [
      230
    ],
    "TimeEndUnload": [
      162
    ],
    "TimeStartLoad": [
      0
    ],
    "TimeStartUnload": [
      132
    ],
    "TimeToLoad": 0,
    "TimeToUnload": 10,
    "adjust_UnloadTw": false
  },
  {
    "Cargo_volume": 0,
    "Cargo_weight": 6,
    "CostOfDelay": 0,
    "Id": 69,
    "Name": "ORDER 069",
    "Point_from_id": 1,
    "Point_to_id": 70,
    "Skills": "",
    "TimeEndLoad": [
      230
    ],
    "TimeEndUnload": [
      70
    ],
    "TimeStartLoad": [
      0
    ],
    "TimeStartUnload": [
      40
    ],
    "TimeToLoad": 0,
    "TimeToUnload": 10,
    "adjust_UnloadTw": false
  },
  {
    "Cargo_volume": 0,
    "Cargo_weight": 5,
    "CostOfDelay": 0,
    "Id": 70,
    "Name": "ORDER 070",
    "Point_from_id": 1,
    "Point_to_id": 71,
    "Skills": "",
    "TimeEndLoad": [
      230
    ],
    "TimeEndUnload": [
      198
    ],
    "TimeStartLoad": [
      0
    ],
    "TimeStartUnload": [
      168
    ],
    "TimeToLoad": 0,
    "TimeToUnload": 10,
    "adjust_UnloadTw": false
  },
  {
    "Cargo_volume": 0,
    "Cargo_weight": 15,
    "CostOfDelay": 0,
    "Id": 71,
    "Name": "ORDER 071",
    "Point_from_id": 1,
    "Point_to_id": 72,
    "Skills": "",
    "TimeEndLoad": [
      230
    ],
    "TimeEndUnload": [
      97
    ],
    "TimeStartLoad": [
      0
    ],
    "TimeStartUnload": [
      67
    ],
    "TimeToLoad": 0,
    "TimeToUnload": 10,
    "adjust_UnloadTw": false
  },
  {
    "Cargo_volume": 0,
    "Cargo_weight": 25,
    "CostOfDelay": 0,
    "Id": 72,
    "Name": "ORDER 072",
    "Point_from_id": 1,
    "Point_to_id": 73,
    "Skills": "",
    "TimeEndLoad": [
      230
    ],
    "TimeEndUnload": [
      55
    ],
    "TimeStartLoad": [
      0
    ],
    "TimeStartUnload": [
      25
    ],
    "TimeToLoad": 0,
    "TimeToUnload": 10,
    "adjust_UnloadTw": false
  },
  {
    "Cargo_volume": 0,
    "Cargo_weight": 9,
    "CostOfDelay": 0,
    "Id": 73,
    "Name": "ORDER 073",
    "Point_from_id": 1,
    "Point_to_id": 74,
    "Skills": "",
    "TimeEndLoad": [
      230
    ],
    "TimeEndUnload": [
      98
    ],
    "TimeStartLoad": [
      0
    ],
    "TimeStartUnload": [
      68
    ],
    "TimeToLoad": 0,
    "TimeToUnload": 10,
    "adjust_UnloadTw": false
  },
  {
    "Cargo_volume": 0,
    "Cargo_weight": 8,
    "CostOfDelay": 0,
    "Id": 74,
    "Name": "ORDER 074",
    "Point_from_id": 1,
    "Point_to_id": 75,
    "Skills": "",
    "TimeEndLoad": [
      230
    ],
    "TimeEndUnload": [
      169
    ],
    "TimeStartLoad": [
      0
    ],
    "TimeStartUnload": [
      139
    ],
    "TimeToLoad": 0,
    "TimeToUnload": 10,
    "adjust_UnloadTw": false
  },
  {
    "Cargo_volume": 0,
    "Cargo_weight": 18,
    "CostOfDelay": 0,
    "Id": 75,
    "Name": "ORDER 075",
    "Point_from_id": 1,
    "Point_to_id": 76,
    "Skills": "",
    "TimeEndLoad": [
      230
    ],
    "TimeEndUnload": [
      89
    ],
    "TimeStartLoad": [
      0
    ],
    "TimeStartUnload": [
      59
    ],
    "TimeToLoad": 0,
    "TimeToUnload": 10,
    "adjust_UnloadTw": false
  },
  {
    "Cargo_volume": 0,
    "Cargo_weight": 13,
    "CostOfDelay": 0,
    "Id": 76,
    "Name": "ORDER 076",
    "Point_from_id": 1,
    "Point_to_id": 77,
    "Skills": "",
    "TimeEndLoad": [
      230
    ],
    "TimeEndUnload": [
      93
    ],
    "TimeStartLoad": [
      0
    ],
    "TimeStartUnload": [
      63
    ],
    "TimeToLoad": 0,
    "TimeToUnload": 10,
    "adjust_UnloadTw": false
  },
  {
    "Cargo_volume": 0,
    "Cargo_weight": 14,
    "CostOfDelay": 0,
    "Id": 77,
    "Name": "ORDER 077",
    "Point_from_id": 1,
    "Point_to_id": 78,
    "Skills": "",
    "TimeEndLoad": [
      230
    ],
    "TimeEndUnload": [
      199
    ],
    "TimeStartLoad": [
      0
    ],
    "TimeStartUnload": [
      169
    ],
    "TimeToLoad": 0,
    "TimeToUnload": 10,
    "adjust_UnloadTw": false
  },
  {
    "Cargo_volume": 0,
    "Cargo_weight": 3,
    "CostOfDelay": 0,
    "Id": 78,
    "Name": "ORDER 078",
    "Point_from_id": 1,
    "Point_to_id": 79,
    "Skills": "",
    "TimeEndLoad": [
      230
    ],
    "TimeEndUnload": [
      116
    ],
    "TimeStartLoad": [
      0
    ],
    "TimeStartUnload": [
      86
    ],
    "TimeToLoad": 0,
    "TimeToUnload": 10,
    "adjust_UnloadTw": false
  },
  {
    "Cargo_volume": 0,
    "Cargo_weight": 23,
    "CostOfDelay": 0,
    "Id": 79,
    "Name": "ORDER 079",
    "Point_from_id": 1,
    "Point_to_id": 80,
    "Skills": "",
    "TimeEndLoad": [
      230
    ],
    "TimeEndUnload": [
      112
    ],
    "TimeStartLoad": [
      0
    ],
    "TimeStartUnload": [
      82
    ],
    "TimeToLoad": 0,
    "TimeToUnload": 10,
    "adjust_UnloadTw": false
  },
  {
    "Cargo_volume": 0,
    "Cargo_weight": 6,
    "CostOfDelay": 0,
    "Id": 80,
    "Name": "ORDER 080",
    "Point_from_id": 1,
    "Point_to_id": 81,
    "Skills": "",
    "TimeEndLoad": [
      230
    ],
    "TimeEndUnload": [
      198
    ],
    "TimeStartLoad": [
      0
    ],
    "TimeStartUnload": [
      168
    ],
    "TimeToLoad": 0,
    "TimeToUnload": 10,
    "adjust_UnloadTw": false
  },
  {
    "Cargo_volume": 0,
    "Cargo_weight": 26,
    "CostOfDelay": 0,
    "Id": 81,
    "Name": "ORDER 081",
    "Point_from_id": 1,
    "Point_to_id": 82,
    "Skills": "",
    "TimeEndLoad": [
      230
    ],
    "TimeEndUnload": [
      114
    ],
    "TimeStartLoad": [
      0
    ],
    "TimeStartUnload": [
      84
    ],
    "TimeToLoad": 0,
    "TimeToUnload": 10,
    "adjust_UnloadTw": false
  },
  {
    "Cargo_volume": 0,
    "Cargo_weight": 16,
    "CostOfDelay": 0,
    "Id": 82,
    "Name": "ORDER 082",
    "Point_from_id": 1,
    "Point_to_id": 83,
    "Skills": "",
    "TimeEndLoad": [
      230
    ],
    "TimeEndUnload": [
      75
    ],
    "TimeStartLoad": [
      0
    ],
    "TimeStartUnload": [
      45
    ],
    "TimeToLoad": 0,
    "TimeToUnload": 10,
    "adjust_UnloadTw": false
  },
  {
    "Cargo_volume": 0,
    "Cargo_weight": 11,
    "CostOfDelay": 0,
    "Id": 83,
    "Name": "ORDER 083",
    "Point_from_id": 1,
    "Point_to_id": 84,
    "Skills": "",
    "TimeEndLoad": [
      230
    ],
    "TimeEndUnload": [
      64
    ],
    "TimeStartLoad": [
      0
    ],
    "TimeStartUnload": [
      34
    ],
    "TimeToLoad": 0,
    "TimeToUnload": 10,
    "adjust_UnloadTw": false
  },
  {
    "Cargo_volume": 0,
    "Cargo_weight": 7,
    "CostOfDelay": 0,
    "Id": 84,
    "Name": "ORDER 084",
    "Point_from_id": 1,
    "Point_to_id": 85,
    "Skills": "",
    "TimeEndLoad": [
      230
    ],
    "TimeEndUnload": [
      121
    ],
    "TimeStartLoad": [
      0
    ],
    "TimeStartUnload": [
      91
    ],
    "TimeToLoad": 0,
    "TimeToUnload": 10,
    "adjust_UnloadTw": false
  },
  {
    "Cargo_volume": 0,
    "Cargo_weight": 41,
    "CostOfDelay": 0,
    "Id": 85,
    "Name": "ORDER 085",
    "Point_from_id": 1,
    "Point_to_id": 86,
    "Skills": "",
    "TimeEndLoad": [
      230
    ],
    "TimeEndUnload": [
      111
    ],
    "TimeStartLoad": [
      0
    ],
    "TimeStartUnload": [
      81
    ],
    "TimeToLoad": 0,
    "TimeToUnload": 10,
    "adjust_UnloadTw": false
  },
  {
    "Cargo_volume": 0,
    "Cargo_weight": 35,
    "CostOfDelay": 0,
    "Id": 86,
    "Name": "ORDER 086",
    "Point_from_id": 1,
    "Point_to_id": 87,
    "Skills": "",
    "TimeEndLoad": [
      230
    ],
    "TimeEndUnload": [
      114
    ],
    "TimeStartLoad": [
      0
    ],
    "TimeStartUnload": [
      84
    ],
    "TimeToLoad": 0,
    "TimeToUnload": 10,
    "adjust_UnloadTw": false
  },
  {
    "Cargo_volume": 0,
    "Cargo_weight": 26,
    "CostOfDelay": 0,
    "Id": 87,
    "Name": "ORDER 087",
    "Point_from_id": 1,
    "Point_to_id": 88,
    "Skills": "",
    "TimeEndLoad": [
      230
    ],
    "TimeEndUnload": [
      113
    ],
    "TimeStartLoad": [
      0
    ],
    "TimeStartUnload": [
      83
    ],
    "TimeToLoad": 0,
    "TimeToUnload": 10,
    "adjust_UnloadTw": false
  },
  {
    "Cargo_volume": 0,
    "Cargo_weight": 9,
    "CostOfDelay": 0,
    "Id": 88,
    "Name": "ORDER 088",
    "Point_from_id": 1,
    "Point_to_id": 89,
    "Skills": "",
    "TimeEndLoad": [
      230
    ],
    "TimeEndUnload": [
      94
    ],
    "TimeStartLoad": [
      0
    ],
    "TimeStartUnload": [
      64
    ],
    "TimeToLoad": 0,
    "TimeToUnload": 10,
    "adjust_UnloadTw": false
  },
  {
    "Cargo_volume": 0,
    "Cargo_weight": 15,
    "CostOfDelay": 0,
    "Id": 89,
    "Name": "ORDER 089",
    "Point_from_id": 1,
    "Point_to_id": 90,
    "Skills": "",
    "TimeEndLoad": [
      230
    ],
    "TimeEndUnload": [
      196
    ],
    "TimeStartLoad": [
      0
    ],
    "TimeStartUnload": [
      166
    ],
    "TimeToLoad": 0,
    "TimeToUnload": 10,
    "adjust_UnloadTw": false
  },
  {
    "Cargo_volume": 0,
    "Cargo_weight": 3,
    "CostOfDelay": 0,
    "Id": 90,
    "Name": "ORDER 090",
    "Point_from_id": 1,
    "Point_to_id": 91,
    "Skills": "",
    "TimeEndLoad": [
      230
    ],
    "TimeEndUnload": [
      115
    ],
    "TimeStartLoad": [
      0
    ],
    "TimeStartUnload": [
      85
    ],
    "TimeToLoad": 0,
    "TimeToUnload": 10,
    "adjust_UnloadTw": false
  },
  {
    "Cargo_volume": 0,
    "Cargo_weight": 1,
    "CostOfDelay": 0,
    "Id": 91,
    "Name": "ORDER 091",
    "Point_from_id": 1,
    "Point_to_id": 92,
    "Skills": "",
    "TimeEndLoad": [
      230
    ],
    "TimeEndUnload": [
      180
    ],
    "TimeStartLoad": [
      0
    ],
    "TimeStartUnload": [
      150
    ],
    "TimeToLoad": 0,
    "TimeToUnload": 10,
    "adjust_UnloadTw": false
  },
  {
    "Cargo_volume": 0,
    "Cargo_weight": 2,
    "CostOfDelay": 0,
    "Id": 92,
    "Name": "ORDER 092",
    "Point_from_id": 1,
    "Point_to_id": 93,
    "Skills": "",
    "TimeEndLoad": [
      230
    ],
    "TimeEndUnload": [
      48
    ],
    "TimeStartLoad": [
      0
    ],
    "TimeStartUnload": [
      18
    ],
    "TimeToLoad": 0,
    "TimeToUnload": 10,
    "adjust_UnloadTw": false
  },
  {
    "Cargo_volume": 0,
    "Cargo_weight": 22,
    "CostOfDelay": 0,
    "Id": 93,
    "Name": "ORDER 093",
    "Point_from_id": 1,
    "Point_to_id": 94,
    "Skills": "",
    "TimeEndLoad": [
      230
    ],
    "TimeEndUnload": [
      199
    ],
    "TimeStartLoad": [
      0
    ],
    "TimeStartUnload": [
      169
    ],
    "TimeToLoad": 0,
    "TimeToUnload": 10,
    "adjust_UnloadTw": false
  },
  {
    "Cargo_volume": 0,
    "Cargo_weight": 27,
    "CostOfDelay": 0,
    "Id": 94,
    "Name": "ORDER 094",
    "Point_from_id": 1,
    "Point_to_id": 95,
    "Skills": "",
    "TimeEndLoad": [
      230
    ],
    "TimeEndUnload": [
      120
    ],
    "TimeStartLoad": [
      0
    ],
    "TimeStartUnload": [
      90
    ],
    "TimeToLoad": 0,
    "TimeToUnload": 10,
    "adjust_UnloadTw": false
  },
  {
    "Cargo_volume": 0,
    "Cargo_weight": 20,
    "CostOfDelay": 0,
    "Id": 95,
    "Name": "ORDER 095",
    "Point_from_id": 1,
    "Point_to_id": 96,
    "Skills": "",
    "TimeEndLoad": [
      230
    ],
    "TimeEndUnload": [
      59
    ],
    "TimeStartLoad": [
      0
    ],
    "TimeStartUnload": [
      29
    ],
    "TimeToLoad": 0,
    "TimeToUnload": 10,
    "adjust_UnloadTw": false
  },
  {
    "Cargo_volume": 0,
    "Cargo_weight": 11,
    "CostOfDelay": 0,
    "Id": 96,
    "Name": "ORDER 096",
    "Point_from_id": 1,
    "Point_to_id": 97,
    "Skills": "",
    "TimeEndLoad": [
      230
    ],
    "TimeEndUnload": [
      155
    ],
    "TimeStartLoad": [
      0
    ],
    "TimeStartUnload": [
      125
    ],
    "TimeToLoad": 0,
    "TimeToUnload": 10,
    "adjust_UnloadTw": false
  },
  {
    "Cargo_volume": 0,
    "Cargo_weight": 12,
    "CostOfDelay": 0,
    "Id": 97,
    "Name": "ORDER 097",
    "Point_from_id": 1,
    "Point_to_id": 98,
    "Skills": "",
    "TimeEndLoad": [
      230
    ],
    "TimeEndUnload": [
      153
    ],
    "TimeStartLoad": [
      0
    ],
    "TimeStartUnload": [
      123
    ],
    "TimeToLoad": 0,
    "TimeToUnload": 10,
    "adjust_UnloadTw": false
  },
  {
    "Cargo_volume": 0,
    "Cargo_weight": 10,
    "CostOfDelay": 0,
    "Id": 98,
    "Name": "ORDER 098",
    "Point_from_id": 1,
    "Point_to_id": 99,
    "Skills": "",
    "TimeEndLoad": [
      230
    ],
    "TimeEndUnload": [
      78
    ],
    "TimeStartLoad": [
      0
    ],
    "TimeStartUnload": [
      48
    ],
    "TimeToLoad": 0,
    "TimeToUnload": 10,
    "adjust_UnloadTw": false
  },
  {
    "Cargo_volume": 0,
    "Cargo_weight": 9,
    "CostOfDelay": 0,
    "Id": 99,
    "Name": "ORDER 099",
    "Point_from_id": 1,
    "Point_to_id": 100,
    "Skills": "",
    "TimeEndLoad": [
      230
    ],
    "TimeEndUnload": [
      103
    ],
    "TimeStartLoad": [
      0
    ],
    "TimeStartUnload": [
      73
    ],
    "TimeToLoad": 0,
    "TimeToUnload": 10,
    "adjust_UnloadTw": false
  },
  {
    "Cargo_volume": 0,
    "Cargo_weight": 17,
    "CostOfDelay": 0,
    "Id": 100,
    "Name": "ORDER 100",
    "Point_from_id": 1,
    "Point_to_id": 101,
    "Skills": "",
    "TimeEndLoad": [
      230
    ],
    "TimeEndUnload": [
      195
    ],
    "TimeStartLoad": [
      0
    ],
    "TimeStartUnload": [
      165
    ],
    "TimeToLoad": 0,
    "TimeToUnload": 10,
    "adjust_UnloadTw": false
  }
]