[
  {
    "Address": "",
    "Id": 1,
    "Info": "",
    "LatLng": "",
    "Name": "DEPOT"
  },
  {
    "Address": "",
    "Id": 2,
    "Info": "",
    "LatLng": "",
    "Name": "CUSTOMER 001"
  },
  {
    "Address": "",
    "Id": 3,
    "Info": "",
    "LatLng": "",
    "Name": "CUSTOMER 002"
  },
  {
    "Address": "",
    "Id": 4,
    "Info": "",
    "LatLng": "",
    "Name": "CUSTOMER 003"
  },
  {
    "Address": "",
    "Id": 5,
    "Info": "",
    "LatLng": "",
    "Name": "CUSTOMER 004"
  },
  {
    "Address": "",
    "Id": 6,
    "Info": "",
    "LatLng": "",
    "Name": "CUSTOMER 005"
  },
  {
    "Address": "",
    "Id": 7,
    "Info": "",
    "LatLng": "",
    "Name": "CUSTOMER 006"
  },
  {
    "Address": "",
    "Id": 8,
    "Info": "",
    "LatLng": "",
    "Name": "CUSTOMER 007"
  },
  {
    "Address": "",
    "Id": 9,
    "Info": "",
    "LatLng": "",
    "Name": "CUSTOMER 008"
  },
  {
    "Address": "",
    "Id": 10,
    "Info": "",
    "LatLng": "",
    "Name": "CUSTOMER 009"
  },
  {
    "Address": "",
    "Id": 11,
    "Info": "",
    "LatLng": "",
    "Name": "CUSTOMER 010"
  },
  {
    "Address": "",
    "Id": 12,
    "Info": "",
    "LatLng": "",
    "Name": "CUSTOMER 011"
  },
  {
    "Address": "",
    "Id": 13,
    "Info": "",
    "LatLng": "",
    "Name": "CUSTOMER 012"
  },
  {
    "Address": "",
    "Id": 14,
    "Info": "",
    "LatLng": "",
    "Name": "CUSTOMER 013"
  },
  {
    "Address": "",
    "Id": 15,
    "Info": "",
    "LatLng": "",
    "Name": "CUSTOMER 014"
  },
  {
    "Address": "",
    "Id": 16,
    "Info": "",
    "LatLng": "",
    "Name": "CUSTOMER 015"
  },
  {
    "Address": "",
    "Id": 17,
    "Info": "",
    "LatLng": "",
    "Name": "CUSTOMER 016"
  },
  {
    "Address": "",
    "Id": 18,
    "Info": "",
    "LatLng": "",
    "Name": "CUSTOMER 017"
  },
  {
    "Address": "",
    "Id": 19,
    "Info": "",
    "LatLng": "",
    "Name": "CUSTOMER 018"
  },
  {
    "Address": "",
    "Id": 20,
    "Info": "",
    "LatLng": "",
    "Name": "CUSTOMER 019"
  },
  {
    "Address": "",
    "Id": 21,
    "Info": "",
    "LatLng": "",
    "Name": "CUSTOMER 020"
  },
  {
    "Address": "",
    "Id": 22,
    "Info": "",
    "LatLng": "",
    "Name": "CUSTOMER 021"
  },
  {
    "Address": "",
    "Id": 23,
    "Info": "",
    "LatLng": "",
    "Name": "CUSTOMER 022"
  },
  {
    "Address": "",
    "Id": 24,
    "Info": "",
    "LatLng": "",
    "Name": "CUSTOMER 023"
  },
  {
    "Address": "",
    "Id": 25,
    "Info": "",
    "LatLng": "",
    "Name": "CUSTOMER 024"
  },
  {
    "Address": "",
    "Id": 26,
    "Info": "",
    "LatLng": "",
    "Name": "CUSTOMER 025"
  },
  {
    "Address": "",
    "Id": 27,
    "Info": "",
    "LatLng": "",
    "Name": "CUSTOMER 026"
  },
  {
    "Address": "",
    "Id": 28,
    "Info": "",
    "LatLng": "",
    "Name": "CUSTOMER 027"
  },
  {
    "Address": "",
    "Id": 29,
    "Info": "",
    "LatLng": "",
    "Name": "CUSTOMER 028"
  },
  {
    "Address": "",
    "Id": 30,
    "Info": "",
    "LatLng": "",
    "Name": "CUSTOMER 029"
  },
  {
    "Address": "",
    "Id": 31,
    "Info": "",
    "LatLng": "",
    "Name": "CUSTOMER 030"
  },
  {
    "Address": "",
    "Id": 32,
    "Info": "",
    "LatLng": "",
    "Name": "CUSTOMER 031"
  },
  {
    "Address": "",
    "Id": 33,
    "Info": "",
    "LatLng": "",
    "Name": "CUSTOMER 032"
  },
  {
    "Address": "",
    "Id": 34,
    "Info": "",
    "LatLng": "",
    "Name": "CUSTOMER 033"
  },
  {
    "Address": "",
    "Id": 35,
    "Info": "",
    "LatLng": "",
    "Name": "CUSTOMER 034"
  },
  {
    "Address": "",
    "Id": 36,
    "Info": "",
    "LatLng": "",
    "Name": "CUSTOMER 035"
  },
  {
    "Address": "",
    "Id": 37,
    "Info": "",
    "LatLng": "",
    "Name": "CUSTOMER 036"
  },
  {
    "Address": "",
    "Id": 38,
    "Info": "",
    "LatLng": "",
    "Name": "CUSTOMER 037"
  },
  {
    "Address": "",
    "Id": 39,
    "Info": "",
    "LatLng": "",
    "Name": "CUSTOMER 038"
  },
  {
    "Address": "",
    "Id": 40,
    "Info": "",
    "LatLng": "",
    "Name": "CUSTOMER 039"
  },
  {
    "Address": "",
    "Id": 41,
    "Info": "",
    "LatLng": "",
    "Name": "CUSTOMER 040"
  },
  {
    "Address": "",
    "Id": 42,
    "Info": "",
    "LatLng": "",
    "Name": "CUSTOMER 041"
  },
  {
    "Address": "",
    "Id": 43,
    "Info": "",
    "LatLng": "",
    "Name": "CUSTOMER 042"
  },
  {
    "Address": "",
    "Id": 44,
    "Info": "",
    "LatLng": "",
    "Name": "CUSTOMER 043"
  },
  {
    "Address": "",
    "Id": 45,
    "Info": "",
    "LatLng": "",
    "Name": "CUSTOMER 044"
  },
  {
    "Address": "",
    "Id": 46,
    "Info": "",
    "LatLng": "",
    "Name": "CUSTOMER 045"
  },
  {
    "Address": "",
    "Id": 47,
    "Info": "",
    "LatLng": "",
    "Name": "CUSTOMER 046"
  },
  {
    "Address": "",
    "Id": 48,
    "Info": "",
    "LatLng": "",
    "Name": "CUSTOMER 047"
  },
  {
    "Address": "",
    "Id": 49,
    "Info": "",
    "LatLng": "",
    "Name": "CUSTOMER 048"
  },
  {
    "Address": "",
    "Id": 50,
    "Info": "",
    "LatLng": "",
    "Name": "CUSTOMER 049"
  },
  {
    "Address": "",
    "Id": 51,
    "Info": "",
    "LatLng": "",
    "Name": "CUSTOMER 050"
  },
  {
    "Address": "",
    "Id": 52,
    "Info": "",
    "LatLng": "",
    "Name": "CUSTOMER 051"
  },
  {
    "Address": "",
    "Id": 53,
    "Info": "",
    "LatLng": "",
    "Name": "CUSTOMER 052"
  },
  {
    "Address": "",
    "Id": 54,
    "Info": "",
    "LatLng": "",
    "Name": "CUSTOMER 053"
  },
  {
    "Address": "",
    "Id": 55,
    "Info": "",
    "LatLng": "",
    "Name": "CUSTOMER 054"
  },
  {
    "Address": "",
    "Id": 56,
    "Info": "",
    "LatLng": "",
    "Name": "CUSTOMER 055"
  },
  {
    "Address": "",
    "Id": 57,
    "Info": "",
    "LatLng": "",
    "Name": "CUSTOMER 056"
  },
  {
    "Address": "",
    "Id": 58,
    "Info": "",
    "LatLng": "",
    "Name": "CUSTOMER 057"
  },
  {
    "Address": "",
    "Id": 59,
    "Info": "",
    "LatLng": "",
    "Name": "CUSTOMER 058"
  },
  {
    "Address": "",
    "Id": 60,
    "Info": "",
    "LatLng": "",
    "Name": "CUSTOMER 059"
  },
  {
    "Address": "",
    "Id": 61,
    "Info": "",
    "LatLng": "",
    "Name": "CUSTOMER 060"
  },
  {
    "Address": "",
    "Id": 62,
    "Info": "",
    "LatLng": "",
    "Name": "CUSTOMER 061"
  },
  {
    "Address": "",
    "Id": 63,
    "Info": "",
    "LatLng": "",
    "Name": "CUSTOMER 062"
  },
  {
    "Address": "",
    "Id": 64,
    "Info": "",
    "LatLng": "",
    "Name": "CUSTOMER 063"
  },
  {
    "Address": "",
    "Id": 65,
    "Info": "",
    "LatLng": "",
    "Name": "CUSTOMER 064"
  },
  {
    "Address": "",
    "Id": 66,
    "Info": "",
    "LatLng": "",
    "Name": "CUSTOMER 065"
  },
  {
    "Address": "",
    "Id": 67,
    "Info": "",
    "LatLng": "",
    "Name": "CUSTOMER 066"
  },
  {
    "Address": "",
    "Id": 68,
    "Info": "",
    "LatLng": "",
    "Name": "CUSTOMER 067"
  },
  {
    "Address": "",
    "Id": 69,
    "Info": "",
    "LatLng": "",
    "Name": "CUSTOMER 068"
  },
  {
    "Address": "",
    "Id": 70,
    "Info": "",
    "LatLng": "",
    "Name": "CUSTOMER 069"
  },
  {
    "Address": "",
    "Id": 71,
    "Info": "",
    "LatLng": "",
    "Name": "CUSTOMER 070"
  },
  {
    "Address": "",
    "Id": 72,
    "Info": "",
    "LatLng": "",
    "Name": "CUSTOMER 071"
  },
  {
    "Address": "",
    "Id": 73,
    "Info": "",
    "LatLng": "",
    "Name": "CUSTOMER 072"
  },
  {
    "Address": "",
    "Id": 74,
    "Info": "",
    "LatLng": "",
    "Name": "CUSTOMER 073"
  },
  {
    "Address": "",
    "Id": 75,
    "Info": "",
    "LatLng": "",
    "Name": "CUSTOMER 074"
  },
  {
    "Address": "",
    "Id": 76,
    "Info": "",
    "LatLng": "",
    "Name": "CUSTOMER 075"
  },
  {
    "Address": "",
    "Id": 77,
    "Info": "",
    "LatLng": "",
    "Name": "CUSTOMER 076"
  },
  {
    "Address": "",
    "Id": 78,
    "Info": "",
    "LatLng": "",
    "Name": "CUSTOMER 077"
  },
  {
    "Address": "",
    "Id": 79,
    "Info": "",
    "LatLng": "",
    "Name": "CUSTOMER 078"
  },
  {
    "Address": "",
    "Id": 80,
    "Info": "",
    "LatLng": "",
    "Name": "CUSTOMER 079"
  },
  {
    "Address": "",
    "Id": 81,
    "Info": "",
    "LatLng": "",
    "Name": "CUSTOMER 080"
  },
  {
    "Address": "",
    "Id": 82,
    "Info": "",
    "LatLng": "",
    "Name": "CUSTOMER 081"
  },
  {
    "Address": "",
    "Id": 83,
    "Info": "",
    "LatLng": "",
    "Name": "CUSTOMER 082"
  },
  {
    "Address": "",
    "Id": 84,
    "Info": "",
    "LatLng": "",
    "Name": "CUSTOMER 083"
  },
  {
    "Address": "",
    "Id": 85,
    "Info": "",
    "LatLng": "",
    "Name": "CUSTOMER 084"
  },
  {
    "Address": "",
    "Id": 86,
    "Info": "",
    "LatLng": "",
    "Name": "CUSTOMER 085"
  },
  {
    "Address": "",
    "Id": 87,
    "Info": "",
    "LatLng": "",
    "Name": "CUSTOMER 086"
  },
  {
    "Address": "",
    "Id": 88,
    "Info": "",
    "LatLng": "",
    "Name": "CUSTOMER 087"
  },
  {
    "Address": "",
    "Id": 89,
    "Info": "",
    "LatLng": "",
    "Name": "CUSTOMER 088"
  },
  {
    "Address": "",
    "Id": 90,
    "Info": "",
    "LatLng": "",
    "Name": "CUSTOMER 089"
  },
  {
    "Address": "",
    "Id": 91,
    "Info": "",
    "LatLng": "",
    "Name": "CUSTOMER 090"
  },
  {
    "Address": "",
    "Id": 92,
    "Info": "",
    "LatLng": "",
    "Name": "CUSTOMER 091"
  },
  {
    "Address": "",
    "Id": 93,
    "Info": "",
    "LatLng": "",
    "Name": "CUSTOMER 092"
  },
  {
    "Address": "",
    "Id": 94,
    "Info": "",
    "LatLng": "",
    "Name": "CUSTOMER 093"
  },
  {
    "Address": "",
    "Id": 95,
    "Info": "",
    "LatLng": "",
    "Name": "CUSTOMER 094"
  },
  {
    "Address": "",
    "Id": 96,
    "Info": "",
    "LatLng": "",
    "Name": "CUSTOMER 095"
  },
  {
    "Address": "",
    "Id": 97,
    "Info": "",
    "LatLng": "",
    "Name": "CUSTOMER 096"
  },
  {
    "Address": "",
    "Id": 98,
    "Info": "",
    "LatLng": "",
    "Name": "CUSTOMER 097"
  },
  {
    "Address": "",
    "Id": 99,
    "Info": "",
    "LatLng": "",
    "Name": "CUSTOMER 098"
  },
  {
    "Address": "",
    "Id": 100,
    "Info": "",
    "LatLng": "",
    "Name": "CUSTOMER 099"
  },
  {
    "Address": "",
    "Id": 101,
    "Info": "",
    "LatLng": "",
    "Name": "CUSTOMER 100"
  }
]