{
  "$schema": "http://json-schema.org/draft-04/schema#",
  "definitions": {
    "STimeInfo": {
      "type": [
        "object",
        "null"
      ],
      "additionalProperties": false,
      "properties": {
        "StartTime": {
          "type": "number"
        },
        "TravelTime": {
          "type": "number"
        },
        "Distance": {
          "type": "number"
        }
      },
      "required": [
        "StartTime",
        "TravelTime",
        "Distance"
      ]
    },
    "SVDistInfo": {
      "type": [
        "object",
        "null"
      ],
      "additionalProperties": false,
      "properties": {
        "Point_from_id": {
          "type": "integer"
        },
        "Point_to_id": {
          "type": "integer"
        },
        "ATime": {
          "type": [
            "array",
            "null"
          ],
          "items": {
            "$ref": "#/definitions/STimeInfo"
          }
        }
      },
      "required": [
        "Point_from_id",
        "Point_to_id",
        "ATime"
      ]
    }
  },
  "type": "array",
  "items": {
    "$ref": "#/definitions/SVDistInfo"
  }
}