{
  "$schema": "http://json-schema.org/draft-04/schema#",
  "type": "array",
  "items": {
    "type": [
      "object",
      "null"
    ],
    "additionalProperties": false,
    "properties": {
      "Id": {
        "type": "integer"
      },
      "Name": {
        "type": [
          "string",
          "null"
        ]
      },
      "Start_Point_Id": {
        "type": "integer"
      },
      "End_Point_Id": {
        "type": "integer"
      },
      "Capacity": {
        "type": "number"
      },
      "Volume": {
        "type": "number"
      },
      "Matrix_Index": {
        "type": "integer"
      },
      "Max_run": {
        "type": "number"
      },
      "Max_Order_Count": {
        "type": "integer"
      },
      "Attr": {
        "type": "integer"
      },
      "LoadConstr": {
        "type": "integer"
      },
      "TimeStart": {
        "type": "number"
      },
      "TimeEnd": {
        "type": "number"
      },
      "delay_at_pt": {
        "type": "number"
      },
      "own_weight": {
        "type": "number"
      },
      "cost_vehicle": {
        "type": "number"
      },
      "cost_distance": {
        "type": "number"
      },
      "cost_time": {
        "type": "number"
      },
      "cost_job": {
        "type": "number"
      },
      "coefficient_of_delay": {
        "type": "number"
      },
      "ktime_speed": {
        "type": "number"
      },
      "Skills": {
        "type": [
          "string",
          "null"
        ]
      }
    },
    "required": [
      "Id",
      "Name",
      "Start_Point_Id",
      "End_Point_Id",
      "Capacity",
      "Volume",
      "Matrix_Index",
      "Max_run",
      "Max_Order_Count",
      "Attr",
      "LoadConstr",
      "TimeStart",
      "TimeEnd",
      "delay_at_pt",
      "own_weight",
      "cost_vehicle",
      "cost_distance",
      "cost_time",
      "cost_job",
      "coefficient_of_delay",
      "ktime_speed",
      "Skills"
    ]
  }
}