{
  "$schema": "http://json-schema.org/draft-04/schema#",
  "type": "array",
  "items": {
    "type": [
      "object",
      "null"
    ],
    "additionalProperties": false,
    "properties": {
      "Id": {
        "type": "integer"
      },
      "Name": {
        "type": [
          "string",
          "null"
        ]
      },
      "Point_from_id": {
        "type": "integer"
      },
      "Point_to_id": {
        "type": "integer"
      },
      "Cargo_weight": {
        "type": "number"
      },
      "Cargo_volume": {
        "type": "number"
      },
      "adjust_UnloadTw": {
        "type": "boolean"
      },
      "TimeToLoad": {
        "type": "number"
      },
      "TimeStartLoad": {
        "type": [
          "array",
          "null"
        ],
        "items": {
          "type": "number"
        }
      },
      "TimeEndLoad": {
        "type": [
          "array",
          "null"
        ],
        "items": {
          "type": "number"
        }
      },
      "TimeToUnload": {
        "type": "number"
      },
      "TimeStartUnload": {
        "type": [
          "array",
          "null"
        ],
        "items": {
          "type": "number"
        }
      },
      "TimeEndUnload": {
        "type": [
          "array",
          "null"
        ],
        "items": {
          "type": "number"
        }
      },
      "CostOfDelay": {
        "type": "number"
      },
      "Skills": {
        "type": [
          "string",
          "null"
        ]
      }
    },
    "required": [
      "Id",
      "Name",
      "Point_from_id",
      "Point_to_id",
      "Cargo_weight",
      "Cargo_volume",
      "adjust_UnloadTw",
      "TimeToLoad",
      "TimeStartLoad",
      "TimeEndLoad",
      "TimeToUnload",
      "TimeStartUnload",
      "TimeEndUnload",
      "CostOfDelay",
      "Skills"
    ]
  }
}