{
  "$schema": "http://json-schema.org/draft-04/schema#",
  "type": "object",
  "properties": {
    "MinInuse": {
      "type": "integer"
    },
    "MinReturns": {
      "type": "integer"
    },
    "NumSolvers": {
      "type": "integer"
    },
    "NumIterations": {
      "type": "integer"
    },
    "LahcLength": {
      "type": "integer"
    },
    "KInitTemp": {
      "type": "number"
    },
    "MaxFullPos": {
      "type": "integer"
    },
    "InitRebuilds": {
      "type": "integer"
    },
    "Timeout": {
      "type": "integer"
    },
    "Restarts": {
      "type": "integer"
    }
  },
  "required": [
    "MinInuse",
    "MinReturns",
    "NumSolvers",
    "NumIterations",
    "LahcLength",
    "KInitTemp",
    "MaxFullPos",
    "InitRebuilds",
    "Timeout",
    "Restarts"
  ]
}