{
  "$schema": "http://json-schema.org/draft-04/schema#",
  "type": "array",
  "items": {
    "type": [
      "object",
      "null"
    ],
    "additionalProperties": false,
    "properties": {
      "Id": {
        "type": "integer"
      },
      "Name": {
        "type": [
          "string",
          "null"
        ]
      },
      "Info": {
        "type": [
          "string",
          "null"
        ]
      },
      "Address": {
        "type": [
          "string",
          "null"
        ]
      },
      "LatLng": {
        "type": [
          "string",
          "null"
        ]
      }
    },
    "required": [
      "Id",
      "Name",
      "Info",
      "Address",
      "LatLng"
    ]
  }
}