{
  "$schema": "http://json-schema.org/draft-04/schema#",
  "definitions": {
    "error": {
      "type": [
        "object",
        "null"
      ],
      "properties": {
        "description": {
          "type": [
            "string",
            "null"
          ]
        },
        "value": {
          "type": "number"
        }
      }
    },
    "onboard": {
      "type": [
        "object",
        "null"
      ],
      "properties": {
        "order_id": {
          "type": "integer"
        },
        "order_name": {
          "type": [
            "string",
            "null"
          ]
        },
        "order_weight": {
          "type": "number"
        },
        "order_volume": {
          "type": "number"
        },
        "order_skills": {
          "type": [
            "array",
            "null"
          ],
          "items": {
            "$ref": "#/definitions/skill"
          }
        }
      }
    },
    "operation": {
      "type": [
        "object",
        "null"
      ],
      "properties": {
        "type": {
          "type": [
            "string",
            "null"
          ]
        },
        "start_time": {
          "type": "number"
        },
        "end_time": {
          "type": "number"
        },
        "late": {
          "type": "number"
        },
        "wait": {
          "type": "number"
        },
        "order_id": {
          "type": "integer"
        },
        "order_name": {
          "type": [
            "string",
            "null"
          ]
        },
        "order_weight": {
          "type": "number"
        },
        "order_volume": {
          "type": "number"
        },
        "order_skills": {
          "type": [
            "array",
            "null"
          ],
          "items": {
            "$ref": "#/definitions/skill"
          }
        }
      }
    },
    "point": {
      "type": [
        "object",
        "null"
      ],
      "properties": {
        "id": {
          "type": "integer"
        },
        "name": {
          "type": [
            "string",
            "null"
          ]
        },
        "info": {
          "type": [
            "string",
            "null"
          ]
        },
        "address": {
          "type": [
            "string",
            "null"
          ]
        },
        "latlng": {
          "type": [
            "string",
            "null"
          ]
        },
        "operations": {
          "type": [
            "array",
            "null"
          ],
          "items": {
            "$ref": "#/definitions/operation"
          }
        }
      }
    },
    "route": {
      "type": [
        "object",
        "null"
      ],
      "properties": {
        "route_nr": {
          "type": "integer"
        },
        "vehicle": {
          "$ref": "#/definitions/vehicle"
        },
        "summary": {
          "$ref": "#/definitions/summary"
        },
        "segments": {
          "type": [
            "array",
            "null"
          ],
          "items": {
            "$ref": "#/definitions/segment"
          }
        }
      }
    },
    "segment": {
      "type": [
        "object",
        "null"
      ],
      "properties": {
        "from_point": {
          "$ref": "#/definitions/point"
        },
        "at_point": {
          "$ref": "#/definitions/point"
        },
        "distance": {
          "type": "number"
        },
        "duration": {
          "type": "number"
        },
        "start_time": {
          "type": "number"
        },
        "details": {
          "type": [
            "array",
            "null"
          ],
          "items": {
            "$ref": "#/definitions/segment"
          }
        },
        "onboard": {
          "type": [
            "array",
            "null"
          ],
          "items": {
            "$ref": "#/definitions/onboard"
          }
        }
      }
    },
    "skill": {
      "type": [
        "object",
        "null"
      ],
      "properties": {
        "name": {
          "type": [
            "string",
            "null"
          ]
        },
        "as_resources": {
          "type": "integer"
        },
        "count": {
          "type": "integer"
        }
      }
    },
    "solution_summary": {
      "type": [
        "object",
        "null"
      ],
      "properties": {
        "duration": {
          "type": "number"
        },
        "distance": {
          "type": "number"
        },
        "job": {
          "type": "number"
        },
        "cost": {
          "type": "number"
        },
        "orders_cost": {
          "type": "number"
        },
        "cargo_weight": {
          "type": "number"
        },
        "orders_count": {
          "type": "integer"
        },
        "wait_time": {
          "type": "number"
        },
        "number_of_routes": {
          "type": "integer"
        },
        "errors": {
          "type": [
            "array",
            "null"
          ],
          "items": {
            "$ref": "#/definitions/error"
          }
        }
      }
    },
    "summary": {
      "type": [
        "object",
        "null"
      ],
      "properties": {
        "duration": {
          "type": "number"
        },
        "distance": {
          "type": "number"
        },
        "job": {
          "type": "number"
        },
        "cost": {
          "type": "number"
        },
        "cargo_weight": {
          "type": "number"
        },
        "orders_count": {
          "type": "integer"
        },
        "start_time": {
          "type": "number"
        },
        "end_time": {
          "type": "number"
        },
        "wait_time": {
          "type": "number"
        },
        "errors": {
          "type": [
            "array",
            "null"
          ],
          "items": {
            "$ref": "#/definitions/error"
          }
        }
      }
    },
    "vehicle": {
      "type": [
        "object",
        "null"
      ],
      "properties": {
        "id": {
          "type": "integer"
        },
        "name": {
          "type": [
            "string",
            "null"
          ]
        },
        "loading_constraints": {
          "type": [
            "string",
            "null"
          ]
        },
        "delay_at_point": {
          "type": "number"
        },
        "ktime_speed": {
          "type": "number"
        },
        "skills": {
          "type": [
            "array",
            "null"
          ],
          "items": {
            "$ref": "#/definitions/skill"
          }
        },
        "depot": {
          "$ref": "#/definitions/point"
        },
        "destination": {
          "$ref": "#/definitions/point"
        },
        "Matrix_Index": {
          "type": "integer"
        }
      }
    }
  },
  "type": "object",
  "properties": {
    "summary": {
      "$ref": "#/definitions/solution_summary"
    },
    "routes": {
      "type": [
        "array",
        "null"
      ],
      "items": {
        "$ref": "#/definitions/route"
      }
    }
  }
}